<?xml version="1.0" encoding="UTF-8"?>
<gpx xmlns="http://www.topografix.com/GPX/1/1" xmlns:xsi="http://www.w3.org/2001/XMLSchema-instance" xsi:schemaLocation="http://www.topografix.com/GPX/1/1 http://www.topografix.com/GPX/1/1/gpx.xsd" version="1.1" creator="gpx.py -- https://github.com/tkrajina/gpxpy">
  <trk>
    <name>Manchester District TTA 50 (lap 2 of sample ride)</name>
    <trkseg>
      <trkpt lat="53.2212168071419" lon="-2.3151985835283995">
        <ele>78.9</ele>
      </trkpt>
      <trkpt lat="53.22099155764041" lon="-2.315444087051919">
        <ele>78.7</ele>
      </trkpt>
      <trkpt lat="53.22075796887844" lon="-2.3156688180377873">
        <ele>78.5</ele>
      </trkpt>
      <trkpt lat="53.22052584961246" lon="-2.3158983964146533">
        <ele>78.5</ele>
      </trkpt>
      <trkpt lat="53.2202984846091" lon="-2.316140927060804">
        <ele>78.7</ele>
      </trkpt>
      <trkpt lat="53.22006701329052" lon="-2.316372109601755">
        <ele>78.5</ele>
      </trkpt>
      <trkpt lat="53.21983511465992" lon="-2.3166022912616198">
        <ele>78.0</ele>
      </trkpt>
      <trkpt lat="53.21960639556894" lon="-2.3168412847122224">
        <ele>77.6</ele>
      </trkpt>
      <trkpt lat="53.21937433329882" lon="-2.3170710514023978">
        <ele>77.5</ele>
      </trkpt>
      <trkpt lat="53.21914444722977" lon="-2.3173068886887243">
        <ele>77.6</ele>
      </trkpt>
      <trkpt lat="53.21891376976119" lon="-2.317540443741345">
        <ele>77.6</ele>
      </trkpt>
      <trkpt lat="53.21868625458178" lon="-2.317782563784492">
        <ele>77.6</ele>
      </trkpt>
      <trkpt lat="53.21845811182643" lon="-2.318022985836668">
        <ele>77.6</ele>
      </trkpt>
      <trkpt lat="53.21823163185983" lon="-2.3182677894552906">
        <ele>77.4</ele>
      </trkpt>
      <trkpt lat="53.218009558999256" lon="-2.3185236320612934">
        <ele>77.3</ele>
      </trkpt>
      <trkpt lat="53.217782782480555" lon="-2.318767728216199">
        <ele>77.3</ele>
      </trkpt>
      <trkpt lat="53.21755748607336" lon="-2.319015582151592">
        <ele>77.3</ele>
      </trkpt>
      <trkpt lat="53.21733524577369" lon="-2.3192710155468634">
        <ele>77.2</ele>
      </trkpt>
      <trkpt lat="53.217121134792905" lon="-2.319545031784654">
        <ele>77.0</ele>
      </trkpt>
      <trkpt lat="53.21690914636717" lon="-2.3198237394592636">
        <ele>77.0</ele>
      </trkpt>
      <trkpt lat="53.2166963702871" lon="-2.320100728139017">
        <ele>76.9</ele>
      </trkpt>
      <trkpt lat="53.21648453406456" lon="-2.3203795696424825">
        <ele>76.8</ele>
      </trkpt>
      <trkpt lat="53.216280686427176" lon="-2.320674667322787">
        <ele>76.6</ele>
      </trkpt>
      <trkpt lat="53.21607724234865" lon="-2.3209705769221047">
        <ele>76.6</ele>
      </trkpt>
      <trkpt lat="53.2158740649471" lon="-2.3212669626275164">
        <ele>76.6</ele>
      </trkpt>
      <trkpt lat="53.21566679805328" lon="-2.3215553251541325">
        <ele>76.7</ele>
      </trkpt>
      <trkpt lat="53.21546138412405" lon="-2.3218473246889433">
        <ele>76.7</ele>
      </trkpt>
      <trkpt lat="53.21525933702396" lon="-2.32214587554349">
        <ele>76.5</ele>
      </trkpt>
      <trkpt lat="53.21506877529962" lon="-2.3224642121878247">
        <ele>76.3</ele>
      </trkpt>
      <trkpt lat="53.21490323127785" lon="-2.3228195201761084">
        <ele>75.7</ele>
      </trkpt>
      <trkpt lat="53.21477008491" lon="-2.3232104752417624">
        <ele>75.1</ele>
      </trkpt>
      <trkpt lat="53.21466099771202" lon="-2.323622511847353">
        <ele>74.5</ele>
      </trkpt>
      <trkpt lat="53.21457267249781" lon="-2.3240478997205827">
        <ele>74.3</ele>
      </trkpt>
      <trkpt lat="53.21450301324974" lon="-2.3244831090363536">
        <ele>74.3</ele>
      </trkpt>
      <trkpt lat="53.214465038333245" lon="-2.324928644105087">
        <ele>74.2</ele>
      </trkpt>
      <trkpt lat="53.21444705557399" lon="-2.3253780460411746">
        <ele>73.7</ele>
      </trkpt>
      <trkpt lat="53.21445813799009" lon="-2.3258278169898334">
        <ele>72.9</ele>
      </trkpt>
      <trkpt lat="53.21447463812084" lon="-2.3262774740963756">
        <ele>72.2</ele>
      </trkpt>
      <trkpt lat="53.21452047523182" lon="-2.326721254484096">
        <ele>71.8</ele>
      </trkpt>
      <trkpt lat="53.21458875447022" lon="-2.3271569918482307">
        <ele>71.6</ele>
      </trkpt>
      <trkpt lat="53.21467790683156" lon="-2.3275819850156565">
        <ele>71.7</ele>
      </trkpt>
      <trkpt lat="53.214721443999615" lon="-2.3280215183510977">
        <ele>71.9</ele>
      </trkpt>
      <trkpt lat="53.214588975097165" lon="-2.3283982393624956">
        <ele>72.3</ele>
      </trkpt>
      <trkpt lat="53.21436007825487" lon="-2.3286341816758114">
        <ele>72.9</ele>
      </trkpt>
      <trkpt lat="53.21412586706974" lon="-2.328856065728224">
        <ele>73.5</ele>
      </trkpt>
      <trkpt lat="53.21390874418066" lon="-2.329123363927083">
        <ele>73.7</ele>
      </trkpt>
      <trkpt lat="53.21370837439236" lon="-2.329424940716485">
        <ele>73.6</ele>
      </trkpt>
      <trkpt lat="53.21350687069014" lon="-2.329724470391937">
        <ele>73.1</ele>
      </trkpt>
      <trkpt lat="53.21328690600149" lon="-2.3299850616655458">
        <ele>72.2</ele>
      </trkpt>
      <trkpt lat="53.21306046546283" lon="-2.3302295249796265">
        <ele>70.9</ele>
      </trkpt>
      <trkpt lat="53.21282067826389" lon="-2.330434815431247">
        <ele>69.1</ele>
      </trkpt>
      <trkpt lat="53.21256143276412" lon="-2.3305526388902242">
        <ele>66.9</ele>
      </trkpt>
      <trkpt lat="53.21229453357289" lon="-2.3306166142339264">
        <ele>64.7</ele>
      </trkpt>
      <trkpt lat="53.21203775492993" lon="-2.3307517174480714">
        <ele>62.8</ele>
      </trkpt>
      <trkpt lat="53.21179835908701" lon="-2.330957869837777">
        <ele>61.2</ele>
      </trkpt>
      <trkpt lat="53.211603314930805" lon="-2.331265021048488">
        <ele>59.6</ele>
      </trkpt>
      <trkpt lat="53.211457624493534" lon="-2.331643089319003">
        <ele>58.0</ele>
      </trkpt>
      <trkpt lat="53.21132787503725" lon="-2.3320380671330327">
        <ele>56.8</ele>
      </trkpt>
      <trkpt lat="53.21119347261022" lon="-2.332428424293369">
        <ele>55.9</ele>
      </trkpt>
      <trkpt lat="53.211042452185254" lon="-2.3328017081004875">
        <ele>55.4</ele>
      </trkpt>
      <trkpt lat="53.21088163328247" lon="-2.3331633431366767">
        <ele>55.4</ele>
      </trkpt>
      <trkpt lat="53.210702165736414" lon="-2.3334993601284553">
        <ele>55.3</ele>
      </trkpt>
      <trkpt lat="53.21050728627288" lon="-2.333810794429409">
        <ele>54.7</ele>
      </trkpt>
      <trkpt lat="53.21029786791397" lon="-2.3340936960552288">
        <ele>53.9</ele>
      </trkpt>
      <trkpt lat="53.210052605907926" lon="-2.3342751361938996">
        <ele>53.2</ele>
      </trkpt>
      <trkpt lat="53.20978991776545" lon="-2.334377401569324">
        <ele>52.8</ele>
      </trkpt>
      <trkpt lat="53.20953371278789" lon="-2.334516742663925">
        <ele>52.3</ele>
      </trkpt>
      <trkpt lat="53.209295693116125" lon="-2.3347267656400077">
        <ele>51.7</ele>
      </trkpt>
      <trkpt lat="53.20905697259778" lon="-2.33493450836736">
        <ele>51.1</ele>
      </trkpt>
      <trkpt lat="53.208804311465876" lon="-2.335090844273124">
        <ele>50.6</ele>
      </trkpt>
      <trkpt lat="53.20854208486367" lon="-2.335196153160881">
        <ele>50.1</ele>
      </trkpt>
      <trkpt lat="53.20828734809688" lon="-2.335342060792743">
        <ele>49.3</ele>
      </trkpt>
      <trkpt lat="53.20806500507485" lon="-2.335593413365041">
        <ele>48.5</ele>
      </trkpt>
      <trkpt lat="53.207900055071654" lon="-2.335948546064555">
        <ele>47.7</ele>
      </trkpt>
      <trkpt lat="53.20778290069455" lon="-2.336353810829474">
        <ele>47.1</ele>
      </trkpt>
      <trkpt lat="53.20766916541024" lon="-2.336761979961258">
        <ele>46.3</ele>
      </trkpt>
      <trkpt lat="53.207522341764225" lon="-2.3371398938317434">
        <ele>45.6</ele>
      </trkpt>
      <trkpt lat="53.20736478885453" lon="-2.3375055548822647">
        <ele>45.0</ele>
      </trkpt>
      <trkpt lat="53.20720669753361" lon="-2.3378705449848285">
        <ele>44.2</ele>
      </trkpt>
      <trkpt lat="53.20707876739371" lon="-2.338265768565621">
        <ele>43.5</ele>
      </trkpt>
      <trkpt lat="53.20697214340405" lon="-2.3386795314787414">
        <ele>43.2</ele>
      </trkpt>
      <trkpt lat="53.20688093913272" lon="-2.3391031872762587">
        <ele>43.2</ele>
      </trkpt>
      <trkpt lat="53.20682150978185" lon="-2.339541958635751">
        <ele>43.0</ele>
      </trkpt>
      <trkpt lat="53.20680142494441" lon="-2.3399910493717444">
        <ele>42.8</ele>
      </trkpt>
      <trkpt lat="53.20679493272613" lon="-2.3404412933231837">
        <ele>42.5</ele>
      </trkpt>
      <trkpt lat="53.206755653681164" lon="-2.340885976019339">
        <ele>42.5</ele>
      </trkpt>
      <trkpt lat="53.2066786919301" lon="-2.3413174179528964">
        <ele>42.7</ele>
      </trkpt>
      <trkpt lat="53.20658938727844" lon="-2.3417424885047002">
        <ele>43.3</ele>
      </trkpt>
      <trkpt lat="53.20649312282756" lon="-2.3421632641260763">
        <ele>44.0</ele>
      </trkpt>
      <trkpt lat="53.2063859122004" lon="-2.342576500591474">
        <ele>44.9</ele>
      </trkpt>
      <trkpt lat="53.20624606511441" lon="-2.3429604416872776">
        <ele>46.4</ele>
      </trkpt>
      <trkpt lat="53.20606751569748" lon="-2.3432977964481285">
        <ele>48.4</ele>
      </trkpt>
      <trkpt lat="53.20586500107618" lon="-2.3435949771655324">
        <ele>50.7</ele>
      </trkpt>
      <trkpt lat="53.205631596808985" lon="-2.3438181454906424">
        <ele>52.9</ele>
      </trkpt>
      <trkpt lat="53.20538061872558" lon="-2.343982288750299">
        <ele>55.0</ele>
      </trkpt>
      <trkpt lat="53.205115252643076" lon="-2.344060265471229">
        <ele>56.6</ele>
      </trkpt>
      <trkpt lat="53.20484676915727" lon="-2.344100263352093">
        <ele>58.2</ele>
      </trkpt>
      <trkpt lat="53.204577116911075" lon="-2.3441097548434">
        <ele>59.7</ele>
      </trkpt>
      <trkpt lat="53.20430736422141" lon="-2.3441123509133734">
        <ele>61.2</ele>
      </trkpt>
      <trkpt lat="53.20403786580989" lon="-2.344096633583702">
        <ele>62.8</ele>
      </trkpt>
      <trkpt lat="53.20376838015039" lon="-2.344081761243454">
        <ele>64.2</ele>
      </trkpt>
      <trkpt lat="53.20349876123943" lon="-2.34406985507768">
        <ele>65.2</ele>
      </trkpt>
      <trkpt lat="53.20322905875218" lon="-2.3440594901868894">
        <ele>65.6</ele>
      </trkpt>
      <trkpt lat="53.2029595277693" lon="-2.3440585694426335">
        <ele>65.6</ele>
      </trkpt>
      <trkpt lat="53.20270221369752" lon="-2.344185160184268">
        <ele>65.5</ele>
      </trkpt>
      <trkpt lat="53.20249150223827" lon="-2.344461125446531">
        <ele>65.5</ele>
      </trkpt>
      <trkpt lat="53.20236910465919" lon="-2.3448545283124202">
        <ele>65.3</ele>
      </trkpt>
      <trkpt lat="53.202261838852614" lon="-2.3452553567005916">
        <ele>64.9</ele>
      </trkpt>
      <trkpt lat="53.202045256524684" lon="-2.3455208145451674">
        <ele>64.6</ele>
      </trkpt>
      <trkpt lat="53.2017965002342" lon="-2.3456930170307917">
        <ele>64.3</ele>
      </trkpt>
      <trkpt lat="53.20153775709229" lon="-2.3458204715633055">
        <ele>63.8</ele>
      </trkpt>
      <trkpt lat="53.20127673768904" lon="-2.3459343008995686">
        <ele>63.2</ele>
      </trkpt>
      <trkpt lat="53.20101717074195" lon="-2.3460570472010516">
        <ele>62.6</ele>
      </trkpt>
      <trkpt lat="53.200757144309776" lon="-2.346177013189355">
        <ele>62.3</ele>
      </trkpt>
      <trkpt lat="53.20049555430449" lon="-2.3462866940414027">
        <ele>62.3</ele>
      </trkpt>
      <trkpt lat="53.20023721245463" lon="-2.346416207093939">
        <ele>62.5</ele>
      </trkpt>
      <trkpt lat="53.19997713661786" lon="-2.3465360047694426">
        <ele>62.9</ele>
      </trkpt>
      <trkpt lat="53.199718380238544" lon="-2.3466632866809074">
        <ele>63.3</ele>
      </trkpt>
      <trkpt lat="53.19945768168142" lon="-2.3467791402775067">
        <ele>63.7</ele>
      </trkpt>
      <trkpt lat="53.199198703750035" lon="-2.3469053845499435">
        <ele>64.3</ele>
      </trkpt>
      <trkpt lat="53.198939010462375" lon="-2.3470272847224245">
        <ele>64.9</ele>
      </trkpt>
      <trkpt lat="53.19867748801171" lon="-2.347137955634909">
        <ele>65.0</ele>
      </trkpt>
      <trkpt lat="53.19842117534919" lon="-2.3472779165457127">
        <ele>64.9</ele>
      </trkpt>
      <trkpt lat="53.19816787646687" lon="-2.3474314150923896">
        <ele>64.9</ele>
      </trkpt>
      <trkpt lat="53.19790587643213" lon="-2.3475250988395153">
        <ele>64.8</ele>
      </trkpt>
      <trkpt lat="53.19768039953769" lon="-2.3473016239547553">
        <ele>64.6</ele>
      </trkpt>
      <trkpt lat="53.19750814505816" lon="-2.346955451220581">
        <ele>64.3</ele>
      </trkpt>
      <trkpt lat="53.19734632712293" lon="-2.3465950908083455">
        <ele>63.9</ele>
      </trkpt>
      <trkpt lat="53.197174323642415" lon="-2.34624815067105">
        <ele>63.4</ele>
      </trkpt>
      <trkpt lat="53.1970090654546" lon="-2.3458925028296886">
        <ele>63.1</ele>
      </trkpt>
      <trkpt lat="53.19686443699826" lon="-2.3455124112917867">
        <ele>63.1</ele>
      </trkpt>
      <trkpt lat="53.19672172421942" lon="-2.3451303674912416">
        <ele>63.2</ele>
      </trkpt>
      <trkpt lat="53.196586112914744" lon="-2.3447411694272384">
        <ele>63.4</ele>
      </trkpt>
      <trkpt lat="53.19646311625248" lon="-2.3443403642434695">
        <ele>63.4</ele>
      </trkpt>
      <trkpt lat="53.19634812487509" lon="-2.3439330903354576">
        <ele>63.6</ele>
      </trkpt>
      <trkpt lat="53.196246991966476" lon="-2.343515632221055">
        <ele>63.9</ele>
      </trkpt>
      <trkpt lat="53.19614549156864" lon="-2.3430983733666775">
        <ele>64.4</ele>
      </trkpt>
      <trkpt lat="53.19603300800052" lon="-2.342689811912535">
        <ele>64.8</ele>
      </trkpt>
      <trkpt lat="53.1958917862284" lon="-2.3423065513729853">
        <ele>65.5</ele>
      </trkpt>
      <trkpt lat="53.19573976702718" lon="-2.3419345321791987">
        <ele>66.3</ele>
      </trkpt>
      <trkpt lat="53.19558129814846" lon="-2.341570058751155">
        <ele>67.0</ele>
      </trkpt>
      <trkpt lat="53.19542249368796" lon="-2.3412060289483447">
        <ele>67.5</ele>
      </trkpt>
      <trkpt lat="53.19526311687858" lon="-2.340842707263441">
        <ele>67.6</ele>
      </trkpt>
      <trkpt lat="53.19510409047927" lon="-2.3404789547608225">
        <ele>67.6</ele>
      </trkpt>
      <trkpt lat="53.19496098724268" lon="-2.3400973029740384">
        <ele>67.5</ele>
      </trkpt>
      <trkpt lat="53.19483905198515" lon="-2.339696001919544">
        <ele>67.3</ele>
      </trkpt>
      <trkpt lat="53.1947374091024" lon="-2.3392788638073236">
        <ele>67.1</ele>
      </trkpt>
      <trkpt lat="53.19463927171191" lon="-2.338859404022388">
        <ele>67.3</ele>
      </trkpt>
      <trkpt lat="53.1945414163832" lon="-2.3384397586547356">
        <ele>67.7</ele>
      </trkpt>
      <trkpt lat="53.19445299726178" lon="-2.338014324164558">
        <ele>68.2</ele>
      </trkpt>
      <trkpt lat="53.19437175147335" lon="-2.337584911032391">
        <ele>68.2</ele>
      </trkpt>
      <trkpt lat="53.194298032607364" lon="-2.337151722213105">
        <ele>68.1</ele>
      </trkpt>
      <trkpt lat="53.194227391354765" lon="-2.3367171052868216">
        <ele>67.9</ele>
      </trkpt>
      <trkpt lat="53.19415659472658" lon="-2.3362825700458805">
        <ele>68.0</ele>
      </trkpt>
      <trkpt lat="53.19408631930175" lon="-2.3358478005362175">
        <ele>68.3</ele>
      </trkpt>
      <trkpt lat="53.194009035894744" lon="-2.3354163619455397">
        <ele>68.7</ele>
      </trkpt>
      <trkpt lat="53.19392573139019" lon="-2.3349880466316306">
        <ele>69.1</ele>
      </trkpt>
      <trkpt lat="53.19383751480763" lon="-2.334562477956341">
        <ele>69.5</ele>
      </trkpt>
      <trkpt lat="53.19375740807781" lon="-2.334132476221895">
        <ele>69.8</ele>
      </trkpt>
      <trkpt lat="53.19368194859228" lon="-2.333700193664016">
        <ele>70.2</ele>
      </trkpt>
      <trkpt lat="53.193618805350404" lon="-2.3332623962690837">
        <ele>70.5</ele>
      </trkpt>
      <trkpt lat="53.193564190413035" lon="-2.33282144737258">
        <ele>70.9</ele>
      </trkpt>
      <trkpt lat="53.193503965287825" lon="-2.3323825828826728">
        <ele>71.6</ele>
      </trkpt>
      <trkpt lat="53.1934336673848" lon="-2.3319478288384476">
        <ele>72.2</ele>
      </trkpt>
      <trkpt lat="53.193346188221234" lon="-2.33152206648549">
        <ele>72.7</ele>
      </trkpt>
      <trkpt lat="53.193237952534986" lon="-2.3311096243133664">
        <ele>73.2</ele>
      </trkpt>
      <trkpt lat="53.193122310133695" lon="-2.330702825194378">
        <ele>73.9</ele>
      </trkpt>
      <trkpt lat="53.192996330671136" lon="-2.330304634809656">
        <ele>74.6</ele>
      </trkpt>
      <trkpt lat="53.19287609208548" lon="-2.3299015263577014">
        <ele>75.2</ele>
      </trkpt>
      <trkpt lat="53.19275378966612" lon="-2.3295001707240854">
        <ele>75.8</ele>
      </trkpt>
      <trkpt lat="53.19262798494583" lon="-2.329101815836315">
        <ele>76.5</ele>
      </trkpt>
      <trkpt lat="53.192504996731245" lon="-2.3287010183955386">
        <ele>77.1</ele>
      </trkpt>
      <trkpt lat="53.19237714177425" lon="-2.3283045870157473">
        <ele>77.5</ele>
      </trkpt>
      <trkpt lat="53.19225516796241" lon="-2.3279029385214196">
        <ele>77.7</ele>
      </trkpt>
      <trkpt lat="53.192136592684236" lon="-2.327498495078035">
        <ele>77.8</ele>
      </trkpt>
      <trkpt lat="53.19202367319233" lon="-2.327089522261881">
        <ele>77.7</ele>
      </trkpt>
      <trkpt lat="53.19191354790872" lon="-2.326678453635729">
        <ele>77.4</ele>
      </trkpt>
      <trkpt lat="53.19180092639269" lon="-2.3262692604515576">
        <ele>76.7</ele>
      </trkpt>
      <trkpt lat="53.19168080367701" lon="-2.325866331782937">
        <ele>76.0</ele>
      </trkpt>
      <trkpt lat="53.19152756690269" lon="-2.32549664080687">
        <ele>75.5</ele>
      </trkpt>
      <trkpt lat="53.191356339803676" lon="-2.3251486933768244">
        <ele>75.3</ele>
      </trkpt>
      <trkpt lat="53.19118270577067" lon="-2.324804085395905">
        <ele>75.5</ele>
      </trkpt>
      <trkpt lat="53.191015777206836" lon="-2.324450337265772">
        <ele>75.8</ele>
      </trkpt>
      <trkpt lat="53.1908537691246" lon="-2.324090304803193">
        <ele>76.5</ele>
      </trkpt>
      <trkpt lat="53.1907119800146" lon="-2.323707535279969">
        <ele>77.4</ele>
      </trkpt>
      <trkpt lat="53.19059652526186" lon="-2.3233008540074347">
        <ele>78.5</ele>
      </trkpt>
      <trkpt lat="53.19049830241414" lon="-2.3228814891483918">
        <ele>79.5</ele>
      </trkpt>
      <trkpt lat="53.19042752320632" lon="-2.322447648291948">
        <ele>80.1</ele>
      </trkpt>
      <trkpt lat="53.1903852985424" lon="-2.3220030076974965">
        <ele>80.5</ele>
      </trkpt>
      <trkpt lat="53.19033704092528" lon="-2.3215599850325">
        <ele>80.6</ele>
      </trkpt>
      <trkpt lat="53.19028256637771" lon="-2.3211189802078844">
        <ele>80.6</ele>
      </trkpt>
      <trkpt lat="53.19022515717639" lon="-2.320679011727811">
        <ele>80.6</ele>
      </trkpt>
      <trkpt lat="53.190170743542744" lon="-2.3202379824404105">
        <ele>80.6</ele>
      </trkpt>
      <trkpt lat="53.19011804134018" lon="-2.3197963663049395">
        <ele>80.4</ele>
      </trkpt>
      <trkpt lat="53.19007179236671" lon="-2.3193527850854863">
        <ele>80.2</ele>
      </trkpt>
      <trkpt lat="53.19002462953444" lon="-2.3189094356524196">
        <ele>79.9</ele>
      </trkpt>
      <trkpt lat="53.18997798710709" lon="-2.318465932297471">
        <ele>79.7</ele>
      </trkpt>
      <trkpt lat="53.18992830978359" lon="-2.3180233728324615">
        <ele>79.6</ele>
      </trkpt>
      <trkpt lat="53.189875378503004" lon="-2.317581856317878">
        <ele>79.4</ele>
      </trkpt>
      <trkpt lat="53.189815746747186" lon="-2.317142711813117">
        <ele>79.2</ele>
      </trkpt>
      <trkpt lat="53.18974583689295" lon="-2.3167078113995356">
        <ele>79.0</ele>
      </trkpt>
      <trkpt lat="53.189676087253794" lon="-2.3162728351024926">
        <ele>79.1</ele>
      </trkpt>
      <trkpt lat="53.189612562775224" lon="-2.315835282863107">
        <ele>79.4</ele>
      </trkpt>
      <trkpt lat="53.18955654700738" lon="-2.315394824826637">
        <ele>80.0</ele>
      </trkpt>
      <trkpt lat="53.189501198165516" lon="-2.314954131255672">
        <ele>80.5</ele>
      </trkpt>
      <trkpt lat="53.18944765050675" lon="-2.314512876698914">
        <ele>80.6</ele>
      </trkpt>
      <trkpt lat="53.189390786267616" lon="-2.3140727271971975">
        <ele>80.3</ele>
      </trkpt>
      <trkpt lat="53.189338332435064" lon="-2.313631045504811">
        <ele>79.9</ele>
      </trkpt>
      <trkpt lat="53.18927924140584" lon="-2.313191841091559">
        <ele>79.3</ele>
      </trkpt>
      <trkpt lat="53.18919918999912" lon="-2.312762003740016">
        <ele>78.4</ele>
      </trkpt>
      <trkpt lat="53.189110929347464" lon="-2.3123365661503845">
        <ele>77.4</ele>
      </trkpt>
      <trkpt lat="53.18904682018725" lon="-2.3118996965786933">
        <ele>76.5</ele>
      </trkpt>
      <trkpt lat="53.18901066434035" lon="-2.311453727734903">
        <ele>76.0</ele>
      </trkpt>
      <trkpt lat="53.188998872228396" lon="-2.3110038791229366">
        <ele>75.7</ele>
      </trkpt>
      <trkpt lat="53.18899017269859" lon="-2.310553990807301">
        <ele>75.5</ele>
      </trkpt>
      <trkpt lat="53.18895201767794" lon="-2.310108885988533">
        <ele>75.4</ele>
      </trkpt>
      <trkpt lat="53.1888857722567" lon="-2.309672520295568">
        <ele>75.5</ele>
      </trkpt>
      <trkpt lat="53.18881765597228" lon="-2.3092368824932055">
        <ele>75.6</ele>
      </trkpt>
      <trkpt lat="53.18874842124478" lon="-2.308801790215419">
        <ele>75.6</ele>
      </trkpt>
      <trkpt lat="53.18870102650358" lon="-2.3083586620989203">
        <ele>75.6</ele>
      </trkpt>
      <trkpt lat="53.18866367067447" lon="-2.3079127376695845">
        <ele>75.6</ele>
      </trkpt>
      <trkpt lat="53.18861435094749" lon="-2.307470500433465">
        <ele>75.7</ele>
      </trkpt>
      <trkpt lat="53.1885279861213" lon="-2.3070442851124375">
        <ele>75.9</ele>
      </trkpt>
      <trkpt lat="53.18841920281991" lon="-2.3066323275258083">
        <ele>76.3</ele>
      </trkpt>
      <trkpt lat="53.18830864980676" lon="-2.3062215972224034">
        <ele>76.6</ele>
      </trkpt>
      <trkpt lat="53.18820461064228" lon="-2.3058062149683067">
        <ele>76.7</ele>
      </trkpt>
      <trkpt lat="53.18811168701166" lon="-2.3053835401823695">
        <ele>76.7</ele>
      </trkpt>
      <trkpt lat="53.18802148553154" lon="-2.304959215557644">
        <ele>76.6</ele>
      </trkpt>
      <trkpt lat="53.187941403852385" lon="-2.3045292696266095">
        <ele>76.8</ele>
      </trkpt>
      <trkpt lat="53.18785908380989" lon="-2.3041004951525084">
        <ele>77.0</ele>
      </trkpt>
      <trkpt lat="53.18777745235351" lon="-2.3036714417451356">
        <ele>77.2</ele>
      </trkpt>
      <trkpt lat="53.18766692758298" lon="-2.3032613622255997">
        <ele>77.2</ele>
      </trkpt>
      <trkpt lat="53.1875300429531" lon="-2.3028734895399605">
        <ele>77.2</ele>
      </trkpt>
      <trkpt lat="53.18737239890016" lon="-2.3025084826122555">
        <ele>77.2</ele>
      </trkpt>
      <trkpt lat="53.18720294435394" lon="-2.3021581967664915">
        <ele>77.4</ele>
      </trkpt>
      <trkpt lat="53.18703125090781" lon="-2.301810894101126">
        <ele>77.6</ele>
      </trkpt>
      <trkpt lat="53.186859226110904" lon="-2.301464035794488">
        <ele>77.9</ele>
      </trkpt>
      <trkpt lat="53.186686619420676" lon="-2.3011180229727044">
        <ele>78.0</ele>
      </trkpt>
      <trkpt lat="53.186511396168726" lon="-2.3007757305156598">
        <ele>78.1</ele>
      </trkpt>
      <trkpt lat="53.1863370818019" lon="-2.3004321856628756">
        <ele>78.2</ele>
      </trkpt>
      <trkpt lat="53.18615594665114" lon="-2.3000986252204445">
        <ele>78.4</ele>
      </trkpt>
      <trkpt lat="53.18596922544689" lon="-2.29977363279309">
        <ele>78.6</ele>
      </trkpt>
      <trkpt lat="53.18578471576586" lon="-2.299445153176474">
        <ele>79.0</ele>
      </trkpt>
      <trkpt lat="53.1856018715753" lon="-2.299114453680321">
        <ele>79.4</ele>
      </trkpt>
      <trkpt lat="53.18542107594935" lon="-2.2987803068410355">
        <ele>80.0</ele>
      </trkpt>
      <trkpt lat="53.18524031870765" lon="-2.298446111674687">
        <ele>80.3</ele>
      </trkpt>
      <trkpt lat="53.18505575865729" lon="-2.2981177619974003">
        <ele>80.3</ele>
      </trkpt>
      <trkpt lat="53.18486441167562" lon="-2.2978003982166815">
        <ele>80.3</ele>
      </trkpt>
      <trkpt lat="53.184672812800144" lon="-2.297483464267155">
        <ele>80.4</ele>
      </trkpt>
      <trkpt lat="53.18448356990329" lon="-2.297162597802102">
        <ele>80.5</ele>
      </trkpt>
      <trkpt lat="53.18429956617419" lon="-2.296833335683997">
        <ele>80.6</ele>
      </trkpt>
      <trkpt lat="53.18411517783865" lon="-2.2965046725230107">
        <ele>80.7</ele>
      </trkpt>
      <trkpt lat="53.183934353935115" lon="-2.2961706308982612">
        <ele>81.0</ele>
      </trkpt>
      <trkpt lat="53.18375379853068" lon="-2.295836098908743">
        <ele>81.4</ele>
      </trkpt>
      <trkpt lat="53.18356753054152" lon="-2.295510426775784">
        <ele>81.7</ele>
      </trkpt>
      <trkpt lat="53.18337849704535" lon="-2.29518921663033">
        <ele>81.7</ele>
      </trkpt>
      <trkpt lat="53.183189648722546" lon="-2.294867858206901">
        <ele>81.5</ele>
      </trkpt>
      <trkpt lat="53.183022909542196" lon="-2.2945143489109574">
        <ele>81.5</ele>
      </trkpt>
      <trkpt lat="53.18289664197377" lon="-2.2941175858831047">
        <ele>81.6</ele>
      </trkpt>
      <trkpt lat="53.1827861258388" lon="-2.2937069050384595">
        <ele>81.6</ele>
      </trkpt>
      <trkpt lat="53.182672324504935" lon="-2.293298781452282">
        <ele>81.7</ele>
      </trkpt>
      <trkpt lat="53.182554210262694" lon="-2.29289401163943">
        <ele>81.7</ele>
      </trkpt>
      <trkpt lat="53.18243129679725" lon="-2.292493307051799">
        <ele>81.8</ele>
      </trkpt>
      <trkpt lat="53.182303318946374" lon="-2.292097005709211">
        <ele>82.1</ele>
      </trkpt>
      <trkpt lat="53.182170800357625" lon="-2.2917048511939684">
        <ele>82.2</ele>
      </trkpt>
      <trkpt lat="53.182036255595065" lon="-2.2913147945366212">
        <ele>82.2</ele>
      </trkpt>
      <trkpt lat="53.18189025738175" lon="-2.2909362132355575">
        <ele>82.3</ele>
      </trkpt>
      <trkpt lat="53.181734569687286" lon="-2.2905688396927433">
        <ele>82.4</ele>
      </trkpt>
      <trkpt lat="53.18158088118853" lon="-2.2901989706561716">
        <ele>82.5</ele>
      </trkpt>
      <trkpt lat="53.18141982322611" lon="-2.2898377907671916">
        <ele>82.7</ele>
      </trkpt>
      <trkpt lat="53.181257775133645" lon="-2.289477872636857">
        <ele>82.8</ele>
      </trkpt>
      <trkpt lat="53.181087859177595" lon="-2.2891282513165008">
        <ele>82.9</ele>
      </trkpt>
      <trkpt lat="53.18092490960306" lon="-2.2887695984383547">
        <ele>83.0</ele>
      </trkpt>
      <trkpt lat="53.18075707152568" lon="-2.288417208460505">
        <ele>83.0</ele>
      </trkpt>
      <trkpt lat="53.18058900101712" lon="-2.2880650950519184">
        <ele>83.0</ele>
      </trkpt>
      <trkpt lat="53.180417136229295" lon="-2.287718166012484">
        <ele>83.0</ele>
      </trkpt>
      <trkpt lat="53.18023384725271" lon="-2.2873879620705084">
        <ele>83.0</ele>
      </trkpt>
      <trkpt lat="53.18003859830366" lon="-2.287077379744399">
        <ele>83.0</ele>
      </trkpt>
      <trkpt lat="53.179830465478005" lon="-2.2867909864921283">
        <ele>83.1</ele>
      </trkpt>
      <trkpt lat="53.179613557312805" lon="-2.2865233732187096">
        <ele>83.3</ele>
      </trkpt>
      <trkpt lat="53.17938792029259" lon="-2.2862767839867613">
        <ele>83.6</ele>
      </trkpt>
      <trkpt lat="53.17918020643435" lon="-2.285989847891681">
        <ele>83.9</ele>
      </trkpt>
      <trkpt lat="53.17897605020922" lon="-2.2856955931477017">
        <ele>84.2</ele>
      </trkpt>
      <trkpt lat="53.178777721295404" lon="-2.2853904694102467">
        <ele>84.4</ele>
      </trkpt>
      <trkpt lat="53.17857444356551" lon="-2.285094496560729">
        <ele>84.5</ele>
      </trkpt>
      <trkpt lat="53.17837030089961" lon="-2.2848002082380097">
        <ele>84.6</ele>
      </trkpt>
      <trkpt lat="53.178161926184856" lon="-2.2845142992353806">
        <ele>84.8</ele>
      </trkpt>
      <trkpt lat="53.177949910202095" lon="-2.284235939019957">
        <ele>85.0</ele>
      </trkpt>
      <trkpt lat="53.17773175624044" lon="-2.2839712967307646">
        <ele>85.2</ele>
      </trkpt>
      <trkpt lat="53.17749836469039" lon="-2.283745738699717">
        <ele>85.4</ele>
      </trkpt>
      <trkpt lat="53.17725604357799" lon="-2.2835480922636022">
        <ele>85.6</ele>
      </trkpt>
      <trkpt lat="53.17700340706117" lon="-2.283390261973072">
        <ele>85.6</ele>
      </trkpt>
      <trkpt lat="53.17674824913857" lon="-2.2832440243368604">
        <ele>85.2</ele>
      </trkpt>
      <trkpt lat="53.17649454656288" lon="-2.2830909696425183">
        <ele>84.7</ele>
      </trkpt>
      <trkpt lat="53.1762442549634" lon="-2.2829232627859897">
        <ele>84.4</ele>
      </trkpt>
      <trkpt lat="53.17599393937309" lon="-2.2827553193335737">
        <ele>84.3</ele>
      </trkpt>
      <trkpt lat="53.1757449636717" lon="-2.2825819857835534">
        <ele>84.4</ele>
      </trkpt>
      <trkpt lat="53.17549597059762" lon="-2.2824086775229016">
        <ele>84.7</ele>
      </trkpt>
      <trkpt lat="53.17525098685857" lon="-2.282220265587386">
        <ele>85.2</ele>
      </trkpt>
      <trkpt lat="53.175018682850066" lon="-2.281991583829811">
        <ele>85.9</ele>
      </trkpt>
      <trkpt lat="53.1748000590312" lon="-2.2817282857343364">
        <ele>86.3</ele>
      </trkpt>
      <trkpt lat="53.17459761492249" lon="-2.281431502933291">
        <ele>86.7</ele>
      </trkpt>
      <trkpt lat="53.17441765611953" lon="-2.2810963932334936">
        <ele>87.1</ele>
      </trkpt>
      <trkpt lat="53.17424806977644" lon="-2.2807466411999298">
        <ele>87.5</ele>
      </trkpt>
      <trkpt lat="53.17409777677865" lon="-2.2803728989110366">
        <ele>87.6</ele>
      </trkpt>
      <trkpt lat="53.173963117308894" lon="-2.279982910766183">
        <ele>87.6</ele>
      </trkpt>
      <trkpt lat="53.17383266051858" lon="-2.279588914052803">
        <ele>87.8</ele>
      </trkpt>
      <trkpt lat="53.17370519770793" lon="-2.2791922171467425">
        <ele>87.9</ele>
      </trkpt>
      <trkpt lat="53.17358173721017" lon="-2.278792045641564">
        <ele>87.9</ele>
      </trkpt>
      <trkpt lat="53.17346908905261" lon="-2.278383152919152">
        <ele>87.9</ele>
      </trkpt>
      <trkpt lat="53.173359901724005" lon="-2.2779715591590666">
        <ele>88.0</ele>
      </trkpt>
      <trkpt lat="53.17325952366904" lon="-2.2775538074944466">
        <ele>88.4</ele>
      </trkpt>
      <trkpt lat="53.17316205574305" lon="-2.2771341214589054">
        <ele>89.0</ele>
      </trkpt>
      <trkpt lat="53.17306576766294" lon="-2.2767137903284964">
        <ele>89.6</ele>
      </trkpt>
      <trkpt lat="53.17298395093694" lon="-2.276284901132226">
        <ele>90.3</ele>
      </trkpt>
      <trkpt lat="53.17289845923859" lon="-2.27585803109888">
        <ele>90.9</ele>
      </trkpt>
      <trkpt lat="53.17282134807409" lon="-2.2754267552387013">
        <ele>91.1</ele>
      </trkpt>
      <trkpt lat="53.172743205711136" lon="-2.2749959678513876">
        <ele>91.4</ele>
      </trkpt>
      <trkpt lat="53.17266994830548" lon="-2.274562774722044">
        <ele>91.7</ele>
      </trkpt>
      <trkpt lat="53.172600974506054" lon="-2.2741276272767754">
        <ele>91.8</ele>
      </trkpt>
      <trkpt lat="53.1725355868402" lon="-2.273690992012756">
        <ele>91.7</ele>
      </trkpt>
      <trkpt lat="53.17247451368655" lon="-2.27325265374904">
        <ele>91.8</ele>
      </trkpt>
      <trkpt lat="53.172411932066716" lon="-2.2728149415175207">
        <ele>91.9</ele>
      </trkpt>
      <trkpt lat="53.17236110527123" lon="-2.272372916184641">
        <ele>91.9</ele>
      </trkpt>
      <trkpt lat="53.17231603248639" lon="-2.2719291445418874">
        <ele>91.7</ele>
      </trkpt>
      <trkpt lat="53.172273624567765" lon="-2.2714846552761663">
        <ele>91.7</ele>
      </trkpt>
      <trkpt lat="53.17223206814428" lon="-2.2710399247484068">
        <ele>91.8</ele>
      </trkpt>
      <trkpt lat="53.17220440293604" lon="-2.2705923419816094">
        <ele>92.0</ele>
      </trkpt>
      <trkpt lat="53.172196498363924" lon="-2.2701425425170405">
        <ele>92.3</ele>
      </trkpt>
      <trkpt lat="53.172196261561275" lon="-2.2696924527053293">
        <ele>92.3</ele>
      </trkpt>
      <trkpt lat="53.17221465825021" lon="-2.26924363095176">
        <ele>92.1</ele>
      </trkpt>
      <trkpt lat="53.172245032938804" lon="-2.2687965389898457">
        <ele>91.8</ele>
      </trkpt>
      <trkpt lat="53.172290293264915" lon="-2.268352917341262">
        <ele>91.5</ele>
      </trkpt>
      <trkpt lat="53.17235131509624" lon="-2.2679145265143834">
        <ele>91.2</ele>
      </trkpt>
      <trkpt lat="53.17241436571716" lon="-2.267477021664343">
        <ele>91.0</ele>
      </trkpt>
      <trkpt lat="53.17248262382804" lon="-2.2670417342040805">
        <ele>90.5</ele>
      </trkpt>
      <trkpt lat="53.17253006164193" lon="-2.2665989797021076">
        <ele>89.8</ele>
      </trkpt>
      <trkpt lat="53.17255256778971" lon="-2.266150470387999">
        <ele>89.3</ele>
      </trkpt>
      <trkpt lat="53.172551890944725" lon="-2.2657008505432765">
        <ele>89.0</ele>
      </trkpt>
      <trkpt lat="53.172528131966246" lon="-2.2652525428248724">
        <ele>88.9</ele>
      </trkpt>
      <trkpt lat="53.17249399926052" lon="-2.2648060669614245">
        <ele>88.8</ele>
      </trkpt>
      <trkpt lat="53.17244507824158" lon="-2.264363582569947">
        <ele>88.6</ele>
      </trkpt>
      <trkpt lat="53.172383319474676" lon="-2.263925554737286">
        <ele>88.4</ele>
      </trkpt>
      <trkpt lat="53.172287553218716" lon="-2.263505357085308">
        <ele>88.1</ele>
      </trkpt>
      <trkpt lat="53.17216649767528" lon="-2.263103638627528">
        <ele>87.9</ele>
      </trkpt>
      <trkpt lat="53.17202039259667" lon="-2.2627254136632713">
        <ele>87.5</ele>
      </trkpt>
      <trkpt lat="53.171855904017605" lon="-2.262368681607889">
        <ele>87.0</ele>
      </trkpt>
      <trkpt lat="53.171686106379184" lon="-2.262018963263179">
        <ele>86.6</ele>
      </trkpt>
      <trkpt lat="53.17150708775478" lon="-2.2616822772700145">
        <ele>86.4</ele>
      </trkpt>
      <trkpt lat="53.17133431451089" lon="-2.261336721083107">
        <ele>86.4</ele>
      </trkpt>
      <trkpt lat="53.1711815097525" lon="-2.2609659499723387">
        <ele>86.4</ele>
      </trkpt>
      <trkpt lat="53.17104630352612" lon="-2.260576809898993">
        <ele>86.3</ele>
      </trkpt>
      <trkpt lat="53.170954730345514" lon="-2.2601573845258667">
        <ele>86.1</ele>
      </trkpt>
      <trkpt lat="53.17106881673818" lon="-2.259783152554291">
        <ele>85.9</ele>
      </trkpt>
      <trkpt lat="53.171329099612336" lon="-2.2596905650765042">
        <ele>85.8</ele>
      </trkpt>
      <trkpt lat="53.17159847954525" lon="-2.25970470128005">
        <ele>85.8</ele>
      </trkpt>
      <trkpt lat="53.171866381817125" lon="-2.2597555251722032">
        <ele>85.8</ele>
      </trkpt>
      <trkpt lat="53.17213457890574" lon="-2.259800341014521">
        <ele>86.1</ele>
      </trkpt>
      <trkpt lat="53.172403395031566" lon="-2.2598352230840897">
        <ele>86.5</ele>
      </trkpt>
      <trkpt lat="53.17267141657864" lon="-2.259886738892637">
        <ele>86.8</ele>
      </trkpt>
      <trkpt lat="53.172939958633116" lon="-2.259928750187642">
        <ele>87.1</ele>
      </trkpt>
      <trkpt lat="53.173208927054226" lon="-2.2599636751962064">
        <ele>87.4</ele>
      </trkpt>
      <trkpt lat="53.173478079630314" lon="-2.2599935306723107">
        <ele>87.8</ele>
      </trkpt>
      <trkpt lat="53.173747648958525" lon="-2.2599900769314862">
        <ele>88.5</ele>
      </trkpt>
      <trkpt lat="53.17401635796166" lon="-2.259953171428903">
        <ele>89.4</ele>
      </trkpt>
      <trkpt lat="53.17428219843128" lon="-2.25987833829258">
        <ele>90.1</ele>
      </trkpt>
      <trkpt lat="53.1745428849945" lon="-2.259762689771473">
        <ele>90.6</ele>
      </trkpt>
      <trkpt lat="53.17479552601665" lon="-2.259605622085417">
        <ele>91.0</ele>
      </trkpt>
      <trkpt lat="53.175037149324645" lon="-2.259406196856897">
        <ele>91.2</ele>
      </trkpt>
      <trkpt lat="53.17527008566158" lon="-2.2591792708795553">
        <ele>91.2</ele>
      </trkpt>
      <trkpt lat="53.17548406166672" lon="-2.2589055832663405">
        <ele>91.1</ele>
      </trkpt>
      <trkpt lat="53.17568146768229" lon="-2.2585991290698">
        <ele>90.9</ele>
      </trkpt>
      <trkpt lat="53.175861931323766" lon="-2.2582646994921305">
        <ele>90.6</ele>
      </trkpt>
      <trkpt lat="53.17602353671043" lon="-2.2579045767766357">
        <ele>90.3</ele>
      </trkpt>
      <trkpt lat="53.17616602691422" lon="-2.25752237707545">
        <ele>90.0</ele>
      </trkpt>
      <trkpt lat="53.176287719774464" lon="-2.2571212910358374">
        <ele>89.7</ele>
      </trkpt>
      <trkpt lat="53.176386033918085" lon="-2.2567022291726357">
        <ele>89.4</ele>
      </trkpt>
      <trkpt lat="53.17646223273578" lon="-2.256270602665145">
        <ele>89.0</ele>
      </trkpt>
      <trkpt lat="53.17651072738706" lon="-2.2558281504275493">
        <ele>88.7</ele>
      </trkpt>
      <trkpt lat="53.176532895555724" lon="-2.2553797153175226">
        <ele>88.3</ele>
      </trkpt>
      <trkpt lat="53.17653257008151" lon="-2.2549297141151765">
        <ele>87.8</ele>
      </trkpt>
      <trkpt lat="53.176507022958766" lon="-2.2544817016976624">
        <ele>87.2</ele>
      </trkpt>
      <trkpt lat="53.17644949824663" lon="-2.2540421651305427">
        <ele>86.5</ele>
      </trkpt>
      <trkpt lat="53.1763737705517" lon="-2.253610233399635">
        <ele>86.0</ele>
      </trkpt>
      <trkpt lat="53.17629143592394" lon="-2.253181564332896">
        <ele>85.4</ele>
      </trkpt>
      <trkpt lat="53.17619824034233" lon="-2.2527593086177147">
        <ele>84.9</ele>
      </trkpt>
      <trkpt lat="53.17610568339087" lon="-2.2523364953779126">
        <ele>84.7</ele>
      </trkpt>
      <trkpt lat="53.17601282106205" lon="-2.2519138814030404">
        <ele>84.8</ele>
      </trkpt>
      <trkpt lat="53.17592391474555" lon="-2.2514888821442174">
        <ele>85.3</ele>
      </trkpt>
      <trkpt lat="53.17584339157367" lon="-2.251059542342253">
        <ele>86.0</ele>
      </trkpt>
      <trkpt lat="53.17578349604149" lon="-2.2506206408430187">
        <ele>86.9</ele>
      </trkpt>
      <trkpt lat="53.17573083657928" lon="-2.250179188960809">
        <ele>87.9</ele>
      </trkpt>
      <trkpt lat="53.17569001456517" lon="-2.249734270418476">
        <ele>89.0</ele>
      </trkpt>
      <trkpt lat="53.17565753275571" lon="-2.2492874404211127">
        <ele>90.0</ele>
      </trkpt>
      <trkpt lat="53.17563575976425" lon="-2.248839002232726">
        <ele>90.8</ele>
      </trkpt>
      <trkpt lat="53.175630156549914" lon="-2.2483889875020586">
        <ele>91.4</ele>
      </trkpt>
      <trkpt lat="53.17563132065687" lon="-2.2479389053468855">
        <ele>92.0</ele>
      </trkpt>
      <trkpt lat="53.17565150767807" lon="-2.24749025453536">
        <ele>92.7</ele>
      </trkpt>
      <trkpt lat="53.17567489278492" lon="-2.2470419269884783">
        <ele>93.4</ele>
      </trkpt>
      <trkpt lat="53.17570553335584" lon="-2.246594718357998">
        <ele>94.1</ele>
      </trkpt>
      <trkpt lat="53.17574095518612" lon="-2.2461484805143814">
        <ele>94.5</ele>
      </trkpt>
      <trkpt lat="53.175774987096936" lon="-2.245701943293946">
        <ele>94.8</ele>
      </trkpt>
      <trkpt lat="53.1758039666946" lon="-2.2452544927305174">
        <ele>95.1</ele>
      </trkpt>
      <trkpt lat="53.175838635183794" lon="-2.2448081468527734">
        <ele>95.2</ele>
      </trkpt>
      <trkpt lat="53.17587337754394" lon="-2.2443618254294355">
        <ele>95.4</ele>
      </trkpt>
      <trkpt lat="53.17590646637506" lon="-2.2439151180106203">
        <ele>95.8</ele>
      </trkpt>
      <trkpt lat="53.1759333033634" lon="-2.2434673380782204">
        <ele>96.2</ele>
      </trkpt>
      <trkpt lat="53.175969955402984" lon="-2.243021768393864">
        <ele>96.9</ele>
      </trkpt>
      <trkpt lat="53.1761142009466" lon="-2.2426635337215037">
        <ele>98.0</ele>
      </trkpt>
      <trkpt lat="53.176171847787856" lon="-2.2422569850463283">
        <ele>98.7</ele>
      </trkpt>
      <trkpt lat="53.176044609650276" lon="-2.2418624563014498">
        <ele>98.8</ele>
      </trkpt>
      <trkpt lat="53.17600596286864" lon="-2.2414182159951586">
        <ele>98.5</ele>
      </trkpt>
      <trkpt lat="53.17599857010632" lon="-2.240968347350973">
        <ele>98.1</ele>
      </trkpt>
      <trkpt lat="53.17600928200615" lon="-2.240518612741588">
        <ele>97.6</ele>
      </trkpt>
      <trkpt lat="53.17603672291816" lon="-2.2400708347902407">
        <ele>97.1</ele>
      </trkpt>
      <trkpt lat="53.1760840375974" lon="-2.2396279058962416">
        <ele>96.5</ele>
      </trkpt>
      <trkpt lat="53.17614428870669" lon="-2.2391893771443914">
        <ele>96.0</ele>
      </trkpt>
      <trkpt lat="53.17622087686778" lon="-2.238757754268868">
        <ele>95.6</ele>
      </trkpt>
      <trkpt lat="53.17630695996142" lon="-2.238331298924099">
        <ele>95.1</ele>
      </trkpt>
      <trkpt lat="53.176418388175165" lon="-2.237921489317778">
        <ele>94.6</ele>
      </trkpt>
      <trkpt lat="53.17653938594264" lon="-2.237519178696693">
        <ele>93.9</ele>
      </trkpt>
      <trkpt lat="53.17667286279047" lon="-2.237128120690301">
        <ele>93.2</ele>
      </trkpt>
      <trkpt lat="53.17681735305864" lon="-2.2367479851043455">
        <ele>92.5</ele>
      </trkpt>
      <trkpt lat="53.176969189713496" lon="-2.2363759234109164">
        <ele>91.8</ele>
      </trkpt>
      <trkpt lat="53.17712794406376" lon="-2.236011969011798">
        <ele>91.0</ele>
      </trkpt>
      <trkpt lat="53.177286742388105" lon="-2.235648060065599">
        <ele>89.8</ele>
      </trkpt>
      <trkpt lat="53.1774452085408" lon="-2.2352837984357805">
        <ele>88.5</ele>
      </trkpt>
      <trkpt lat="53.177601189868255" lon="-2.2349165015008996">
        <ele>87.3</ele>
      </trkpt>
      <trkpt lat="53.17776070413786" lon="-2.2345534571532597">
        <ele>86.2</ele>
      </trkpt>
      <trkpt lat="53.177919489165035" lon="-2.234189529154203">
        <ele>84.9</ele>
      </trkpt>
      <trkpt lat="53.17807209471193" lon="-2.233818309252862">
        <ele>83.4</ele>
      </trkpt>
      <trkpt lat="53.17821822945094" lon="-2.2334399213543104">
        <ele>81.7</ele>
      </trkpt>
      <trkpt lat="53.178350387382416" lon="-2.2330476371214583">
        <ele>80.1</ele>
      </trkpt>
      <trkpt lat="53.17847755128043" lon="-2.2326508323080594">
        <ele>79.2</ele>
      </trkpt>
      <trkpt lat="53.178579978961544" lon="-2.2322346912392255">
        <ele>78.9</ele>
      </trkpt>
      <trkpt lat="53.17869712566015" lon="-2.2318296348332045">
        <ele>78.8</ele>
      </trkpt>
      <trkpt lat="53.17887886717858" lon="-2.2315048056406055">
        <ele>78.8</ele>
      </trkpt>
      <trkpt lat="53.17901678363698" lon="-2.2311381724857173">
        <ele>78.8</ele>
      </trkpt>
      <trkpt lat="53.1789555309776" lon="-2.2307024603780015">
        <ele>78.9</ele>
      </trkpt>
      <trkpt lat="53.178963145577754" lon="-2.2302541579649713">
        <ele>79.0</ele>
      </trkpt>
      <trkpt lat="53.17897920078363" lon="-2.2298048159678814">
        <ele>79.1</ele>
      </trkpt>
      <trkpt lat="53.17900830375783" lon="-2.2293573502804485">
        <ele>79.2</ele>
      </trkpt>
      <trkpt lat="53.17906205606069" lon="-2.2289165412370746">
        <ele>79.5</ele>
      </trkpt>
      <trkpt lat="53.17912037296566" lon="-2.228477153331456">
        <ele>80.1</ele>
      </trkpt>
      <trkpt lat="53.17917947172947" lon="-2.228037959141725">
        <ele>81.2</ele>
      </trkpt>
      <trkpt lat="53.17924633701735" lon="-2.2276019003825343">
        <ele>82.6</ele>
      </trkpt>
      <trkpt lat="53.17932019221579" lon="-2.2271690185986976">
        <ele>84.2</ele>
      </trkpt>
      <trkpt lat="53.179398623005596" lon="-2.2267383114775074">
        <ele>85.8</ele>
      </trkpt>
      <trkpt lat="53.17948340715987" lon="-2.226311056076423">
        <ele>87.4</ele>
      </trkpt>
      <trkpt lat="53.17957166105821" lon="-2.2258858348590342">
        <ele>88.9</ele>
      </trkpt>
      <trkpt lat="53.17966573240642" lon="-2.2254640650391013">
        <ele>90.1</ele>
      </trkpt>
      <trkpt lat="53.179771778254135" lon="-2.2250501971826266">
        <ele>91.2</ele>
      </trkpt>
      <trkpt lat="53.1798784188803" lon="-2.2246367156177453">
        <ele>92.3</ele>
      </trkpt>
      <trkpt lat="53.179999150949115" lon="-2.2242342799473644">
        <ele>93.2</ele>
      </trkpt>
      <trkpt lat="53.18011537583028" lon="-2.223828155730769">
        <ele>93.8</ele>
      </trkpt>
      <trkpt lat="53.18024377757334" lon="-2.2234322651162177">
        <ele>94.4</ele>
      </trkpt>
      <trkpt lat="53.180375413593026" lon="-2.2230393391731433">
        <ele>94.9</ele>
      </trkpt>
      <trkpt lat="53.18051684701758" lon="-2.222656012158218">
        <ele>95.4</ele>
      </trkpt>
      <trkpt lat="53.18066064438287" lon="-2.222275580015231">
        <ele>96.1</ele>
      </trkpt>
      <trkpt lat="53.180802308695974" lon="-2.221892495298227">
        <ele>96.6</ele>
      </trkpt>
      <trkpt lat="53.180952375445976" lon="-2.221518458563569">
        <ele>97.0</ele>
      </trkpt>
      <trkpt lat="53.181101218265525" lon="-2.2211429798073064">
        <ele>97.4</ele>
      </trkpt>
      <trkpt lat="53.181246228384296" lon="-2.2207633833549467">
        <ele>97.6</ele>
      </trkpt>
      <trkpt lat="53.181386498601505" lon="-2.220378827153463">
        <ele>97.8</ele>
      </trkpt>
      <trkpt lat="53.1815214825024" lon="-2.219989104363978">
        <ele>98.5</ele>
      </trkpt>
      <trkpt lat="53.18165116277031" lon="-2.219594340466079">
        <ele>99.5</ele>
      </trkpt>
      <trkpt lat="53.181777516929266" lon="-2.219196567327684">
        <ele>100.0</ele>
      </trkpt>
      <trkpt lat="53.18190341140524" lon="-2.2187984013648325">
        <ele>100.4</ele>
      </trkpt>
      <trkpt lat="53.18202269898107" lon="-2.2183946035342466">
        <ele>100.9</ele>
      </trkpt>
      <trkpt lat="53.182133663022654" lon="-2.2179843600069957">
        <ele>101.6</ele>
      </trkpt>
      <trkpt lat="53.18224497228487" lon="-2.217574304837337">
        <ele>102.9</ele>
      </trkpt>
      <trkpt lat="53.18235079942335" lon="-2.2171602816524">
        <ele>104.6</ele>
      </trkpt>
      <trkpt lat="53.18245214345235" lon="-2.216743067397237">
        <ele>106.6</ele>
      </trkpt>
      <trkpt lat="53.182547859204206" lon="-2.2163222064632038">
        <ele>108.4</ele>
      </trkpt>
      <trkpt lat="53.18263362072561" lon="-2.2158954071804295">
        <ele>110.1</ele>
      </trkpt>
      <trkpt lat="53.18270477421449" lon="-2.2154612228201245">
        <ele>111.6</ele>
      </trkpt>
      <trkpt lat="53.18277809668927" lon="-2.21502805250534">
        <ele>113.0</ele>
      </trkpt>
      <trkpt lat="53.18283561041757" lon="-2.2145882348244665">
        <ele>114.3</ele>
      </trkpt>
      <trkpt lat="53.18289226579452" lon="-2.214148180923042">
        <ele>115.5</ele>
      </trkpt>
      <trkpt lat="53.18293691581548" lon="-2.21370430699712">
        <ele>116.6</ele>
      </trkpt>
      <trkpt lat="53.18297485075583" lon="-2.213258640922355">
        <ele>117.5</ele>
      </trkpt>
      <trkpt lat="53.18300978486687" lon="-2.2128122570625686">
        <ele>118.2</ele>
      </trkpt>
      <trkpt lat="53.18303199070078" lon="-2.2123636485689273">
        <ele>119.0</ele>
      </trkpt>
      <trkpt lat="53.183041430684725" lon="-2.2119137471402475">
        <ele>119.9</ele>
      </trkpt>
      <trkpt lat="53.183157951611946" lon="-2.2115348161205275">
        <ele>120.9</ele>
      </trkpt>
      <trkpt lat="53.18342169091316" lon="-2.211500461213705">
        <ele>121.3</ele>
      </trkpt>
      <trkpt lat="53.183682710865085" lon="-2.2116117680072738">
        <ele>121.2</ele>
      </trkpt>
      <trkpt lat="53.18393433852462" lon="-2.211773723191592">
        <ele>120.9</ele>
      </trkpt>
      <trkpt lat="53.18417397661902" lon="-2.2119800449125515">
        <ele>120.4</ele>
      </trkpt>
      <trkpt lat="53.18440500044042" lon="-2.2122124655328856">
        <ele>119.7</ele>
      </trkpt>
      <trkpt lat="53.18462842946128" lon="-2.21246465632003">
        <ele>119.1</ele>
      </trkpt>
      <trkpt lat="53.184850201524405" lon="-2.212720938274019">
        <ele>118.5</ele>
      </trkpt>
      <trkpt lat="53.18507517172588" lon="-2.2129694572079006">
        <ele>117.9</ele>
      </trkpt>
      <trkpt lat="53.18529912848067" lon="-2.213220504625562">
        <ele>117.3</ele>
      </trkpt>
      <trkpt lat="53.18552935184001" lon="-2.2134551794685513">
        <ele>116.5</ele>
      </trkpt>
      <trkpt lat="53.185757265242415" lon="-2.213696106709727">
        <ele>115.6</ele>
      </trkpt>
      <trkpt lat="53.185985761973484" lon="-2.2139355103767464">
        <ele>114.3</ele>
      </trkpt>
      <trkpt lat="53.186208713730835" lon="-2.214188782799838">
        <ele>112.9</ele>
      </trkpt>
      <trkpt lat="53.18642386021631" lon="-2.2144604049507">
        <ele>111.7</ele>
      </trkpt>
      <trkpt lat="53.186636545329186" lon="-2.214737424854792">
        <ele>111.0</ele>
      </trkpt>
      <trkpt lat="53.186856160638364" lon="-2.2149984225576467">
        <ele>110.4</ele>
      </trkpt>
      <trkpt lat="53.18709664434338" lon="-2.2152009198752003">
        <ele>109.9</ele>
      </trkpt>
      <trkpt lat="53.18735393532305" lon="-2.2153346430501037">
        <ele>109.6</ele>
      </trkpt>
      <trkpt lat="53.187620013645144" lon="-2.2154057317283655">
        <ele>109.8</ele>
      </trkpt>
      <trkpt lat="53.18788622724992" lon="-2.2154775573150807">
        <ele>110.5</ele>
      </trkpt>
      <trkpt lat="53.18815269288509" lon="-2.2155470185386523">
        <ele>111.5</ele>
      </trkpt>
      <trkpt lat="53.18842101085262" lon="-2.215593268306237">
        <ele>112.6</ele>
      </trkpt>
      <trkpt lat="53.188689357882986" lon="-2.2156397195273927">
        <ele>113.2</ele>
      </trkpt>
      <trkpt lat="53.188957197142784" lon="-2.2156936788458172">
        <ele>113.3</ele>
      </trkpt>
      <trkpt lat="53.189223014032116" lon="-2.2157699327842595">
        <ele>113.2</ele>
      </trkpt>
      <trkpt lat="53.18948586045236" lon="-2.215871174170047">
        <ele>113.3</ele>
      </trkpt>
      <trkpt lat="53.189747311283625" lon="-2.215982068294789">
        <ele>113.4</ele>
      </trkpt>
      <trkpt lat="53.190002740138404" lon="-2.2161259103107085">
        <ele>113.5</ele>
      </trkpt>
      <trkpt lat="53.19024514039014" lon="-2.216322886844222">
        <ele>113.4</ele>
      </trkpt>
      <trkpt lat="53.190467563903105" lon="-2.216576994497712">
        <ele>113.4</ele>
      </trkpt>
      <trkpt lat="53.190671261565726" lon="-2.216871872648651">
        <ele>113.4</ele>
      </trkpt>
      <trkpt lat="53.19087100106823" lon="-2.2171745295187746">
        <ele>113.4</ele>
      </trkpt>
      <trkpt lat="53.191065716192476" lon="-2.217485930124253">
        <ele>113.4</ele>
      </trkpt>
      <trkpt lat="53.191248388325455" lon="-2.2178172533212237">
        <ele>113.5</ele>
      </trkpt>
      <trkpt lat="53.191437747227425" lon="-2.218137975680974">
        <ele>113.4</ele>
      </trkpt>
      <trkpt lat="53.191632735463436" lon="-2.2184489881933853">
        <ele>113.1</ele>
      </trkpt>
      <trkpt lat="53.1918437976537" lon="-2.2187291880111393">
        <ele>112.6</ele>
      </trkpt>
      <trkpt lat="53.19207293554934" lon="-2.218966269264048">
        <ele>112.2</ele>
      </trkpt>
      <trkpt lat="53.19231406863981" lon="-2.219167568202335">
        <ele>112.2</ele>
      </trkpt>
      <trkpt lat="53.19256129421823" lon="-2.2193476977237236">
        <ele>112.4</ele>
      </trkpt>
      <trkpt lat="53.192813959801875" lon="-2.2195055368934784">
        <ele>112.5</ele>
      </trkpt>
      <trkpt lat="53.19307106351857" lon="-2.219641536763807">
        <ele>112.4</ele>
      </trkpt>
      <trkpt lat="53.19333258964575" lon="-2.219752078201075">
        <ele>112.3</ele>
      </trkpt>
      <trkpt lat="53.19359292431836" lon="-2.219870183572257">
        <ele>112.1</ele>
      </trkpt>
      <trkpt lat="53.19385100923846" lon="-2.22000112925871">
        <ele>112.0</ele>
      </trkpt>
      <trkpt lat="53.194100304238795" lon="-2.2201726408738094">
        <ele>112.0</ele>
      </trkpt>
      <trkpt lat="53.19433566355237" lon="-2.2203923371085676">
        <ele>112.1</ele>
      </trkpt>
      <trkpt lat="53.194554603782805" lon="-2.2206547514407546">
        <ele>112.2</ele>
      </trkpt>
      <trkpt lat="53.19476067251115" lon="-2.220945385967378">
        <ele>112.2</ele>
      </trkpt>
      <trkpt lat="53.194969981039996" lon="-2.22122945950113">
        <ele>112.3</ele>
      </trkpt>
      <trkpt lat="53.19519926420549" lon="-2.2214640282953537">
        <ele>112.6</ele>
      </trkpt>
      <trkpt lat="53.19545249783711" lon="-2.221618660186426">
        <ele>113.4</ele>
      </trkpt>
      <trkpt lat="53.195711172842195" lon="-2.2217465563402174">
        <ele>114.2</ele>
      </trkpt>
      <trkpt lat="53.19596924558673" lon="-2.221877577038874">
        <ele>114.6</ele>
      </trkpt>
      <trkpt lat="53.1962279211339" lon="-2.222005429682469">
        <ele>114.9</ele>
      </trkpt>
      <trkpt lat="53.19648490725622" lon="-2.2221425053868638">
        <ele>114.9</ele>
      </trkpt>
      <trkpt lat="53.196740839890545" lon="-2.222284966222271">
        <ele>114.6</ele>
      </trkpt>
      <trkpt lat="53.19699776730258" lon="-2.2224223875872235">
        <ele>114.0</ele>
      </trkpt>
      <trkpt lat="53.197254549164484" lon="-2.2225602930203787">
        <ele>113.6</ele>
      </trkpt>
      <trkpt lat="53.197506056642865" lon="-2.2227231062074213">
        <ele>113.4</ele>
      </trkpt>
      <trkpt lat="53.197750149078594" lon="-2.222914888921065">
        <ele>113.2</ele>
      </trkpt>
      <trkpt lat="53.197989104225954" lon="-2.2231238183434407">
        <ele>112.7</ele>
      </trkpt>
      <trkpt lat="53.19822105165272" lon="-2.223353831025392">
        <ele>112.3</ele>
      </trkpt>
      <trkpt lat="53.19845817848195" lon="-2.223568169232212">
        <ele>112.0</ele>
      </trkpt>
      <trkpt lat="53.19870185618929" lon="-2.223761398208433">
        <ele>111.6</ele>
      </trkpt>
      <trkpt lat="53.1989442930982" lon="-2.2239589659489187">
        <ele>111.3</ele>
      </trkpt>
      <trkpt lat="53.199190316150975" lon="-2.2241436873372233">
        <ele>110.9</ele>
      </trkpt>
      <trkpt lat="53.19944049179368" lon="-2.2243122721360424">
        <ele>110.6</ele>
      </trkpt>
      <trkpt lat="53.19969282295998" lon="-2.224471640554063">
        <ele>110.2</ele>
      </trkpt>
      <trkpt lat="53.199949208261046" lon="-2.2246115730538385">
        <ele>109.5</ele>
      </trkpt>
      <trkpt lat="53.20020986334929" lon="-2.224727474796652">
        <ele>108.8</ele>
      </trkpt>
      <trkpt lat="53.200476096568536" lon="-2.224796225534712">
        <ele>108.2</ele>
      </trkpt>
      <trkpt lat="53.20074562203211" lon="-2.2248158472648134">
        <ele>107.5</ele>
      </trkpt>
      <trkpt lat="53.201015318121684" lon="-2.2248172233096914">
        <ele>106.6</ele>
      </trkpt>
      <trkpt lat="53.20128501278427" lon="-2.224825601407633">
        <ele>105.6</ele>
      </trkpt>
      <trkpt lat="53.201554648460295" lon="-2.2248153954381005">
        <ele>104.7</ele>
      </trkpt>
      <trkpt lat="53.20182419434964" lon="-2.2248342625428608">
        <ele>103.8</ele>
      </trkpt>
      <trkpt lat="53.20209379314824" lon="-2.2248513626943307">
        <ele>102.9</ele>
      </trkpt>
      <trkpt lat="53.20236331201688" lon="-2.2248717725836897">
        <ele>101.9</ele>
      </trkpt>
      <trkpt lat="53.202631433786266" lon="-2.224920973805039">
        <ele>101.0</ele>
      </trkpt>
      <trkpt lat="53.202899384116044" lon="-2.2249732487455076">
        <ele>100.0</ele>
      </trkpt>
      <trkpt lat="53.20316783973584" lon="-2.2250181001840024">
        <ele>99.1</ele>
      </trkpt>
      <trkpt lat="53.203436387639975" lon="-2.2250612815153126">
        <ele>98.3</ele>
      </trkpt>
      <trkpt lat="53.20370475163854" lon="-2.225107569078617">
        <ele>97.9</ele>
      </trkpt>
      <trkpt lat="53.203972674267774" lon="-2.2251601784983825">
        <ele>97.9</ele>
      </trkpt>
      <trkpt lat="53.204241051460734" lon="-2.22520605014446">
        <ele>98.1</ele>
      </trkpt>
      <trkpt lat="53.20450917715567" lon="-2.225256003742147">
        <ele>98.4</ele>
      </trkpt>
      <trkpt lat="53.20477723269986" lon="-2.2253067422150243">
        <ele>98.4</ele>
      </trkpt>
      <trkpt lat="53.205045116650346" lon="-2.2253602310296645">
        <ele>98.3</ele>
      </trkpt>
      <trkpt lat="53.205313516314966" lon="-2.2254059292882333">
        <ele>98.0</ele>
      </trkpt>
      <trkpt lat="53.20558143185444" lon="-2.2254589789050927">
        <ele>97.8</ele>
      </trkpt>
      <trkpt lat="53.20584999181518" lon="-2.225500003185959">
        <ele>97.7</ele>
      </trkpt>
      <trkpt lat="53.20611962026427" lon="-2.225514753555256">
        <ele>97.3</ele>
      </trkpt>
      <trkpt lat="53.206388146047736" lon="-2.2255545289247025">
        <ele>96.7</ele>
      </trkpt>
      <trkpt lat="53.20665558434796" lon="-2.2256137303385763">
        <ele>96.2</ele>
      </trkpt>
      <trkpt lat="53.206922315711935" lon="-2.2256812848076195">
        <ele>96.3</ele>
      </trkpt>
      <trkpt lat="53.20718990648586" lon="-2.225737955909668">
        <ele>97.5</ele>
      </trkpt>
      <trkpt lat="53.20745768236121" lon="-2.2257922496170814">
        <ele>99.6</ele>
      </trkpt>
      <trkpt lat="53.20772640496594" lon="-2.225830824571732">
        <ele>102.3</ele>
      </trkpt>
      <trkpt lat="53.20799452218516" lon="-2.2258805025477795">
        <ele>104.8</ele>
      </trkpt>
      <trkpt lat="53.208262694660725" lon="-2.2259272941191393">
        <ele>106.4</ele>
      </trkpt>
      <trkpt lat="53.20853000934445" lon="-2.225987119471334">
        <ele>107.2</ele>
      </trkpt>
      <trkpt lat="53.208797747008326" lon="-2.226039858084628">
        <ele>107.5</ele>
      </trkpt>
      <trkpt lat="53.2090666334921" lon="-2.2260680094936185">
        <ele>107.8</ele>
      </trkpt>
      <trkpt lat="53.209335669759724" lon="-2.2260362534171705">
        <ele>108.0</ele>
      </trkpt>
      <trkpt lat="53.20960071591768" lon="-2.2259539670466406">
        <ele>108.3</ele>
      </trkpt>
      <trkpt lat="53.20986265702993" lon="-2.225847423007384">
        <ele>108.6</ele>
      </trkpt>
      <trkpt lat="53.210131770594856" lon="-2.225827102037896">
        <ele>108.8</ele>
      </trkpt>
      <trkpt lat="53.21040137861272" lon="-2.2258369805824314">
        <ele>108.9</ele>
      </trkpt>
      <trkpt lat="53.21067081800073" lon="-2.2258563774174616">
        <ele>108.9</ele>
      </trkpt>
      <trkpt lat="53.21093962229099" lon="-2.2258938488189615">
        <ele>108.4</ele>
      </trkpt>
      <trkpt lat="53.211202306853565" lon="-2.22598769928591">
        <ele>107.6</ele>
      </trkpt>
      <trkpt lat="53.211421082544405" lon="-2.2262435683649007">
        <ele>106.7</ele>
      </trkpt>
      <trkpt lat="53.21160552304752" lon="-2.22657234988714">
        <ele>105.9</ele>
      </trkpt>
      <trkpt lat="53.21178039095503" lon="-2.226915398422579">
        <ele>105.3</ele>
      </trkpt>
      <trkpt lat="53.21196644402341" lon="-2.2272413624889493">
        <ele>104.6</ele>
      </trkpt>
      <trkpt lat="53.212150206179565" lon="-2.227571184628574">
        <ele>104.0</ele>
      </trkpt>
      <trkpt lat="53.212333741390054" lon="-2.227901395153343">
        <ele>103.3</ele>
      </trkpt>
      <trkpt lat="53.21251975443658" lon="-2.228227599672723">
        <ele>102.8</ele>
      </trkpt>
      <trkpt lat="53.21272785046479" lon="-2.2285126603165306">
        <ele>102.5</ele>
      </trkpt>
      <trkpt lat="53.21296276935809" lon="-2.2287325034759085">
        <ele>102.3</ele>
      </trkpt>
      <trkpt lat="53.21321184292435" lon="-2.2289053280010553">
        <ele>102.4</ele>
      </trkpt>
      <trkpt lat="53.21346547454257" lon="-2.2290586482009407">
        <ele>102.8</ele>
      </trkpt>
      <trkpt lat="53.21372108311661" lon="-2.229202474657771">
        <ele>103.3</ele>
      </trkpt>
      <trkpt lat="53.213977257021305" lon="-2.229343612369604">
        <ele>104.0</ele>
      </trkpt>
      <trkpt lat="53.21423360396062" lon="-2.2294838572225864">
        <ele>105.0</ele>
      </trkpt>
      <trkpt lat="53.21447869565804" lon="-2.2296697839715014">
        <ele>106.1</ele>
      </trkpt>
      <trkpt lat="53.21471498363141" lon="-2.22988668324704">
        <ele>106.6</ele>
      </trkpt>
      <trkpt lat="53.21494755843275" lon="-2.230114982459241">
        <ele>106.6</ele>
      </trkpt>
      <trkpt lat="53.21517816913768" lon="-2.230348772623323">
        <ele>106.2</ele>
      </trkpt>
      <trkpt lat="53.2153933566547" lon="-2.230618580237366">
        <ele>105.4</ele>
      </trkpt>
      <trkpt lat="53.21557694104564" lon="-2.2309480159556103">
        <ele>104.3</ele>
      </trkpt>
      <trkpt lat="53.21573324759969" lon="-2.2313151964580196">
        <ele>103.3</ele>
      </trkpt>
      <trkpt lat="53.215883705032105" lon="-2.2316891263269225">
        <ele>102.7</ele>
      </trkpt>
      <trkpt lat="53.21601544775633" lon="-2.2320821592372315">
        <ele>102.7</ele>
      </trkpt>
      <trkpt lat="53.21614769032182" lon="-2.232474640257421">
        <ele>102.8</ele>
      </trkpt>
      <trkpt lat="53.21630154417767" lon="-2.232844263981058">
        <ele>102.8</ele>
      </trkpt>
      <trkpt lat="53.21647852937098" lon="-2.233184294976898">
        <ele>102.8</ele>
      </trkpt>
      <trkpt lat="53.216661694949174" lon="-2.2335150380483073">
        <ele>102.8</ele>
      </trkpt>
      <trkpt lat="53.21684733635064" lon="-2.2338417964326385">
        <ele>102.9</ele>
      </trkpt>
      <trkpt lat="53.217014269136016" lon="-2.234195641202742">
        <ele>102.9</ele>
      </trkpt>
      <trkpt lat="53.217188120004074" lon="-2.2345392562792648">
        <ele>102.8</ele>
      </trkpt>
      <trkpt lat="53.21738154558011" lon="-2.2348530093256342">
        <ele>102.4</ele>
      </trkpt>
      <trkpt lat="53.21759269048461" lon="-2.235133325980754">
        <ele>101.6</ele>
      </trkpt>
      <trkpt lat="53.217813942812235" lon="-2.2353910300461104">
        <ele>100.7</ele>
      </trkpt>
      <trkpt lat="53.21803633145839" lon="-2.2356457491578507">
        <ele>100.1</ele>
      </trkpt>
      <trkpt lat="53.21827617942381" lon="-2.2358512625352764">
        <ele>99.8</ele>
      </trkpt>
      <trkpt lat="53.21852913318764" lon="-2.236006068568848">
        <ele>99.7</ele>
      </trkpt>
      <trkpt lat="53.21879512113935" lon="-2.236074360629173">
        <ele>99.8</ele>
      </trkpt>
      <trkpt lat="53.219064764540526" lon="-2.2360888856012537">
        <ele>100.1</ele>
      </trkpt>
      <trkpt lat="53.21933428962103" lon="-2.236108516704477">
        <ele>100.1</ele>
      </trkpt>
      <trkpt lat="53.219602622517755" lon="-2.236152134752806">
        <ele>99.5</ele>
      </trkpt>
      <trkpt lat="53.21986401545754" lon="-2.2362604831045427">
        <ele>98.5</ele>
      </trkpt>
      <trkpt lat="53.22011958381564" lon="-2.2364043543091756">
        <ele>97.4</ele>
      </trkpt>
      <trkpt lat="53.220375434236104" lon="-2.236547299798848">
        <ele>96.3</ele>
      </trkpt>
      <trkpt lat="53.22063347535569" lon="-2.2366779015369955">
        <ele>95.5</ele>
      </trkpt>
      <trkpt lat="53.22089854459886" lon="-2.236760524938931">
        <ele>94.7</ele>
      </trkpt>
      <trkpt lat="53.22116774411334" lon="-2.2367852794813614">
        <ele>94.0</ele>
      </trkpt>
      <trkpt lat="53.22143713886408" lon="-2.2367612633110876">
        <ele>93.4</ele>
      </trkpt>
      <trkpt lat="53.22170620664494" lon="-2.2367283557116115">
        <ele>93.3</ele>
      </trkpt>
      <trkpt lat="53.22197480758209" lon="-2.236686463464743">
        <ele>93.9</ele>
      </trkpt>
      <trkpt lat="53.22224292116957" lon="-2.2366364415292517">
        <ele>94.9</ele>
      </trkpt>
      <trkpt lat="53.222511127892844" lon="-2.2365875978022087">
        <ele>96.0</ele>
      </trkpt>
      <trkpt lat="53.22277983430283" lon="-2.236547813666354">
        <ele>97.3</ele>
      </trkpt>
      <trkpt lat="53.22304830869325" lon="-2.2365035259888906">
        <ele>98.5</ele>
      </trkpt>
      <trkpt lat="53.22331362098626" lon="-2.236423094270941">
        <ele>99.4</ele>
      </trkpt>
      <trkpt lat="53.22357642862736" lon="-2.236321384195943">
        <ele>100.1</ele>
      </trkpt>
      <trkpt lat="53.22383810883642" lon="-2.2362118423661093">
        <ele>100.6</ele>
      </trkpt>
      <trkpt lat="53.22409962141557" lon="-2.2361011228285244">
        <ele>101.1</ele>
      </trkpt>
      <trkpt lat="53.224361373896066" lon="-2.2359922918826656">
        <ele>101.9</ele>
      </trkpt>
      <trkpt lat="53.22462391474918" lon="-2.2358885946976996">
        <ele>102.9</ele>
      </trkpt>
      <trkpt lat="53.22488706217511" lon="-2.2357892546777878">
        <ele>104.0</ele>
      </trkpt>
      <trkpt lat="53.22514772556429" lon="-2.2356736486304025">
        <ele>105.2</ele>
      </trkpt>
      <trkpt lat="53.225409556553196" lon="-2.2355657247451797">
        <ele>106.6</ele>
      </trkpt>
      <trkpt lat="53.22566994345052" lon="-2.2354481252527925">
        <ele>108.2</ele>
      </trkpt>
      <trkpt lat="53.22592729110599" lon="-2.2353150473805363">
        <ele>109.5</ele>
      </trkpt>
      <trkpt lat="53.22618847375008" lon="-2.235202515535185">
        <ele>110.5</ele>
      </trkpt>
      <trkpt lat="53.22644875761991" lon="-2.2350845367273564">
        <ele>111.5</ele>
      </trkpt>
      <trkpt lat="53.22670968606512" lon="-2.2349703811216934">
        <ele>112.4</ele>
      </trkpt>
      <trkpt lat="53.226968688710485" lon="-2.2348448981253477">
        <ele>113.0</ele>
      </trkpt>
      <trkpt lat="53.227231202683825" lon="-2.234740934817151">
        <ele>113.2</ele>
      </trkpt>
      <trkpt lat="53.227497007950504" lon="-2.234665750502583">
        <ele>113.2</ele>
      </trkpt>
      <trkpt lat="53.22776475076696" lon="-2.2346124132684224">
        <ele>113.1</ele>
      </trkpt>
      <trkpt lat="53.22803415848424" lon="-2.234588867963796">
        <ele>112.6</ele>
      </trkpt>
      <trkpt lat="53.228303797155924" lon="-2.2345772353215287">
        <ele>111.9</ele>
      </trkpt>
      <trkpt lat="53.2285731321368" lon="-2.2346020821377026">
        <ele>111.2</ele>
      </trkpt>
      <trkpt lat="53.228841388433814" lon="-2.2346497362184023">
        <ele>110.8</ele>
      </trkpt>
      <trkpt lat="53.22910679094534" lon="-2.234730151387624">
        <ele>111.0</ele>
      </trkpt>
      <trkpt lat="53.229366409489785" lon="-2.2348520733228137">
        <ele>111.7</ele>
      </trkpt>
      <trkpt lat="53.22962451833646" lon="-2.234982378808257">
        <ele>112.6</ele>
      </trkpt>
      <trkpt lat="53.2298817341947" lon="-2.235118285559802">
        <ele>113.1</ele>
      </trkpt>
      <trkpt lat="53.23014068448484" lon="-2.2352446459657105">
        <ele>113.1</ele>
      </trkpt>
      <trkpt lat="53.23040070400648" lon="-2.2353648028196553">
        <ele>112.7</ele>
      </trkpt>
      <trkpt lat="53.230663472151086" lon="-2.235466432797313">
        <ele>111.7</ele>
      </trkpt>
      <trkpt lat="53.230929771236596" lon="-2.2355383359807837">
        <ele>110.5</ele>
      </trkpt>
      <trkpt lat="53.2311984550802" lon="-2.235576144888362">
        <ele>109.1</ele>
      </trkpt>
      <trkpt lat="53.231468138023246" lon="-2.235588721707467">
        <ele>107.4</ele>
      </trkpt>
      <trkpt lat="53.23173785014924" lon="-2.2355829650451766">
        <ele>105.6</ele>
      </trkpt>
      <trkpt lat="53.232007494739506" lon="-2.2355737060896894">
        <ele>103.7</ele>
      </trkpt>
      <trkpt lat="53.23227650829757" lon="-2.235541356759053">
        <ele>101.9</ele>
      </trkpt>
      <trkpt lat="53.232542808846524" lon="-2.2354707929020874">
        <ele>100.4</ele>
      </trkpt>
      <trkpt lat="53.23280574634715" lon="-2.235369800403859">
        <ele>99.3</ele>
      </trkpt>
      <trkpt lat="53.2330671144834" lon="-2.2352583473702317">
        <ele>98.6</ele>
      </trkpt>
      <trkpt lat="53.23332597479994" lon="-2.2351314233997956">
        <ele>98.0</ele>
      </trkpt>
      <trkpt lat="53.233580911677734" lon="-2.2349840685382274">
        <ele>97.6</ele>
      </trkpt>
      <trkpt lat="53.23383558355412" lon="-2.2348352721135227">
        <ele>97.4</ele>
      </trkpt>
      <trkpt lat="53.23408944348103" lon="-2.234682991545331">
        <ele>97.5</ele>
      </trkpt>
      <trkpt lat="53.23433816466923" lon="-2.234508836838673">
        <ele>98.2</ele>
      </trkpt>
      <trkpt lat="53.23459173094404" lon="-2.2344748000672707">
        <ele>99.3</ele>
      </trkpt>
      <trkpt lat="53.23465632007112" lon="-2.2348948569370366">
        <ele>99.8</ele>
      </trkpt>
      <trkpt lat="53.234607491684685" lon="-2.235337746652407">
        <ele>99.7</ele>
      </trkpt>
      <trkpt lat="53.23452871436763" lon="-2.235768697457933">
        <ele>99.3</ele>
      </trkpt>
      <trkpt lat="53.23447513107255" lon="-2.236210359783442">
        <ele>98.6</ele>
      </trkpt>
      <trkpt lat="53.234448088613085" lon="-2.236658773299101">
        <ele>97.4</ele>
      </trkpt>
      <trkpt lat="53.23441000726151" lon="-2.2371049053587955">
        <ele>95.9</ele>
      </trkpt>
      <trkpt lat="53.234364926642755" lon="-2.2375483965528518">
        <ele>94.6</ele>
      </trkpt>
      <trkpt lat="53.23439079217846" lon="-2.2379948324853443">
        <ele>94.0</ele>
      </trkpt>
      <trkpt lat="53.234509872991666" lon="-2.2383974061638745">
        <ele>94.0</ele>
      </trkpt>
      <trkpt lat="53.23463354667492" lon="-2.2387979998387095">
        <ele>94.2</ele>
      </trkpt>
      <trkpt lat="53.23464515742087" lon="-2.2392387741141913">
        <ele>94.8</ele>
      </trkpt>
      <trkpt lat="53.23454508838483" lon="-2.239656230657502">
        <ele>95.9</ele>
      </trkpt>
      <trkpt lat="53.234423024209285" lon="-2.2400576822263494">
        <ele>96.5</ele>
      </trkpt>
      <trkpt lat="53.234296008624355" lon="-2.2404552648262293">
        <ele>96.3</ele>
      </trkpt>
      <trkpt lat="53.23419992248437" lon="-2.240874945306816">
        <ele>95.5</ele>
      </trkpt>
      <trkpt lat="53.2341677120156" lon="-2.241321473244801">
        <ele>94.7</ele>
      </trkpt>
      <trkpt lat="53.23419760226474" lon="-2.241768580926577">
        <ele>94.3</ele>
      </trkpt>
      <trkpt lat="53.23424114187324" lon="-2.242212396975613">
        <ele>93.9</ele>
      </trkpt>
      <trkpt lat="53.234203357054334" lon="-2.2426575394098696">
        <ele>93.4</ele>
      </trkpt>
      <trkpt lat="53.23411287329747" lon="-2.2430818148950484">
        <ele>92.9</ele>
      </trkpt>
      <trkpt lat="53.23399041775507" lon="-2.2434811943855966">
        <ele>92.6</ele>
      </trkpt>
      <trkpt lat="53.23379299886824" lon="-2.2437840391192014">
        <ele>92.6</ele>
      </trkpt>
      <trkpt lat="53.23354528307344" lon="-2.2439596390171306">
        <ele>92.7</ele>
      </trkpt>
      <trkpt lat="53.23329092861492" lon="-2.2441097083374495">
        <ele>92.9</ele>
      </trkpt>
      <trkpt lat="53.233040942234354" lon="-2.2442791530118416">
        <ele>93.0</ele>
      </trkpt>
      <trkpt lat="53.2328034904158" lon="-2.244492431006491">
        <ele>93.0</ele>
      </trkpt>
      <trkpt lat="53.23257670623748" lon="-2.244733874939973">
        <ele>92.8</ele>
      </trkpt>
      <trkpt lat="53.23236916680722" lon="-2.2450214155055144">
        <ele>92.5</ele>
      </trkpt>
      <trkpt lat="53.23216836406369" lon="-2.2453220351414673">
        <ele>92.5</ele>
      </trkpt>
      <trkpt lat="53.2319923144703" lon="-2.24566306426104">
        <ele>92.7</ele>
      </trkpt>
      <trkpt lat="53.23182016082698" lon="-2.2460099280208348">
        <ele>92.7</ele>
      </trkpt>
      <trkpt lat="53.231643495166196" lon="-2.2463505018019676">
        <ele>92.5</ele>
      </trkpt>
      <trkpt lat="53.231458669964915" lon="-2.246678335185471">
        <ele>92.3</ele>
      </trkpt>
      <trkpt lat="53.23127372626271" lon="-2.2470063965992226">
        <ele>92.3</ele>
      </trkpt>
      <trkpt lat="53.23107977175313" lon="-2.2473196606996755">
        <ele>92.5</ele>
      </trkpt>
      <trkpt lat="53.23088468237013" lon="-2.247630848063353">
        <ele>92.7</ele>
      </trkpt>
      <trkpt lat="53.23069563907915" lon="-2.24795231077647">
        <ele>93.0</ele>
      </trkpt>
      <trkpt lat="53.23050547388836" lon="-2.2482719719784376">
        <ele>93.3</ele>
      </trkpt>
      <trkpt lat="53.2303167841994" lon="-2.2485940140512826">
        <ele>93.5</ele>
      </trkpt>
      <trkpt lat="53.23016103915919" lon="-2.248960905421505">
        <ele>93.1</ele>
      </trkpt>
      <trkpt lat="53.23004959157525" lon="-2.2493707717906086">
        <ele>92.6</ele>
      </trkpt>
      <trkpt lat="53.229980997859656" lon="-2.2498054938728567">
        <ele>92.2</ele>
      </trkpt>
      <trkpt lat="53.22997214225134" lon="-2.2502551775064066">
        <ele>91.7</ele>
      </trkpt>
      <trkpt lat="53.22998445572012" lon="-2.2507053651782876">
        <ele>91.2</ele>
      </trkpt>
      <trkpt lat="53.22995858447488" lon="-2.2511529088350017">
        <ele>90.9</ele>
      </trkpt>
      <trkpt lat="53.22987748997078" lon="-2.251581998445934">
        <ele>91.0</ele>
      </trkpt>
      <trkpt lat="53.22977785361461" lon="-2.252000802919643">
        <ele>91.3</ele>
      </trkpt>
      <trkpt lat="53.2296878778089" lon="-2.2524254939654504">
        <ele>91.5</ele>
      </trkpt>
      <trkpt lat="53.22962779955165" lon="-2.252864594787595">
        <ele>91.7</ele>
      </trkpt>
      <trkpt lat="53.229563103650754" lon="-2.2533018773856432">
        <ele>92.1</ele>
      </trkpt>
      <trkpt lat="53.22951008070869" lon="-2.253743671033686">
        <ele>92.5</ele>
      </trkpt>
      <trkpt lat="53.229430431220365" lon="-2.254174139583777">
        <ele>92.8</ele>
      </trkpt>
      <trkpt lat="53.229323406944516" lon="-2.2545873255807014">
        <ele>93.0</ele>
      </trkpt>
      <trkpt lat="53.22918251127841" lon="-2.254971391783757">
        <ele>93.3</ele>
      </trkpt>
      <trkpt lat="53.229036696711844" lon="-2.255350585043308">
        <ele>93.5</ele>
      </trkpt>
      <trkpt lat="53.22888710036317" lon="-2.255725571977112">
        <ele>93.6</ele>
      </trkpt>
      <trkpt lat="53.228733178174494" lon="-2.2560956692921184">
        <ele>93.5</ele>
      </trkpt>
      <trkpt lat="53.228586778551424" lon="-2.256474163912701">
        <ele>93.1</ele>
      </trkpt>
      <trkpt lat="53.22845625496903" lon="-2.2568682909364517">
        <ele>92.5</ele>
      </trkpt>
      <trkpt lat="53.2283693450089" lon="-2.257294000660984">
        <ele>92.0</ele>
      </trkpt>
      <trkpt lat="53.228288628502334" lon="-2.257723787458264">
        <ele>91.6</ele>
      </trkpt>
      <trkpt lat="53.22819270296479" lon="-2.2581449534869975">
        <ele>91.2</ele>
      </trkpt>
      <trkpt lat="53.22806873617693" lon="-2.2585443369215663">
        <ele>90.7</ele>
      </trkpt>
      <trkpt lat="53.22792297236935" lon="-2.258923566122641">
        <ele>90.0</ele>
      </trkpt>
      <trkpt lat="53.22777595898916" lon="-2.2593014574611807">
        <ele>89.4</ele>
      </trkpt>
      <trkpt lat="53.227619700615875" lon="-2.2596687948774092">
        <ele>88.9</ele>
      </trkpt>
      <trkpt lat="53.22747146989366" lon="-2.260045305648054">
        <ele>88.5</ele>
      </trkpt>
      <trkpt lat="53.22733332584113" lon="-2.2604324266639177">
        <ele>88.0</ele>
      </trkpt>
      <trkpt lat="53.227201817257765" lon="-2.260825860281111">
        <ele>87.5</ele>
      </trkpt>
      <trkpt lat="53.22707869965607" lon="-2.261226817295267">
        <ele>87.1</ele>
      </trkpt>
      <trkpt lat="53.22695294891997" lon="-2.2616255243978087">
        <ele>86.9</ele>
      </trkpt>
      <trkpt lat="53.22683276956212" lon="-2.2620290170625834">
        <ele>86.6</ele>
      </trkpt>
      <trkpt lat="53.22670940833926" lon="-2.2624298108730634">
        <ele>86.2</ele>
      </trkpt>
      <trkpt lat="53.22658812009254" lon="-2.262832363675622">
        <ele>85.9</ele>
      </trkpt>
      <trkpt lat="53.226468461021504" lon="-2.2632362244221125">
        <ele>85.8</ele>
      </trkpt>
      <trkpt lat="53.22635774847928" lon="-2.2636469611521934">
        <ele>85.6</ele>
      </trkpt>
      <trkpt lat="53.226275702080926" lon="-2.2640756643119406">
        <ele>85.4</ele>
      </trkpt>
      <trkpt lat="53.22621787782499" lon="-2.264515618721846">
        <ele>85.2</ele>
      </trkpt>
      <trkpt lat="53.22613820904706" lon="-2.264945888824791">
        <ele>84.9</ele>
      </trkpt>
      <trkpt lat="53.2260160481626" lon="-2.265345815582334">
        <ele>84.4</ele>
      </trkpt>
      <trkpt lat="53.22584291072681" lon="-2.265689962055822">
        <ele>83.9</ele>
      </trkpt>
      <trkpt lat="53.22562842767365" lon="-2.2659621894188313">
        <ele>83.6</ele>
      </trkpt>
      <trkpt lat="53.22538608896052" lon="-2.2661584974625253">
        <ele>83.5</ele>
      </trkpt>
      <trkpt lat="53.22512903619775" lon="-2.266294542677623">
        <ele>83.7</ele>
      </trkpt>
      <trkpt lat="53.224916877070775" lon="-2.2665545917012206">
        <ele>83.9</ele>
      </trkpt>
      <trkpt lat="53.22486116409721" lon="-2.2669897444455764">
        <ele>84.0</ele>
      </trkpt>
      <trkpt lat="53.22487274107149" lon="-2.2674397857393087">
        <ele>84.1</ele>
      </trkpt>
      <trkpt lat="53.224890425837" lon="-2.2678893020575726">
        <ele>84.0</ele>
      </trkpt>
      <trkpt lat="53.22492509239394" lon="-2.268334520919061">
        <ele>84.0</ele>
      </trkpt>
      <trkpt lat="53.22500376102028" lon="-2.268765551673402">
        <ele>84.5</ele>
      </trkpt>
      <trkpt lat="53.225081705322744" lon="-2.26919688512008">
        <ele>85.0</ele>
      </trkpt>
      <trkpt lat="53.22511409196103" lon="-2.2696425504690563">
        <ele>85.4</ele>
      </trkpt>
      <trkpt lat="53.225092888552005" lon="-2.2700912692860276">
        <ele>85.3</ele>
      </trkpt>
      <trkpt lat="53.225056253615165" lon="-2.270537675373512">
        <ele>85.0</ele>
      </trkpt>
      <trkpt lat="53.22501018280384" lon="-2.270981703886449">
        <ele>84.3</ele>
      </trkpt>
      <trkpt lat="53.224964802983706" lon="-2.27142593066336">
        <ele>83.5</ele>
      </trkpt>
      <trkpt lat="53.22491411878918" lon="-2.271868542444885">
        <ele>82.9</ele>
      </trkpt>
      <trkpt lat="53.22487551842861" lon="-2.2723144719485386">
        <ele>82.7</ele>
      </trkpt>
      <trkpt lat="53.22483472782916" lon="-2.2727598883707536">
        <ele>82.5</ele>
      </trkpt>
      <trkpt lat="53.224778354573566" lon="-2.273200478738376">
        <ele>82.4</ele>
      </trkpt>
      <trkpt lat="53.22472001115006" lon="-2.273640348043142">
        <ele>82.2</ele>
      </trkpt>
      <trkpt lat="53.224631193825985" lon="-2.2740656080469424">
        <ele>81.9</ele>
      </trkpt>
      <trkpt lat="53.22454040597597" lon="-2.274489816772761">
        <ele>81.6</ele>
      </trkpt>
      <trkpt lat="53.224461094161924" lon="-2.2749202436376232">
        <ele>81.1</ele>
      </trkpt>
      <trkpt lat="53.22438730064268" lon="-2.2753536701504222">
        <ele>80.5</ele>
      </trkpt>
      <trkpt lat="53.22431806533412" lon="-2.275789218776696">
        <ele>80.1</ele>
      </trkpt>
      <trkpt lat="53.224253593364885" lon="-2.2762267495223503">
        <ele>79.8</ele>
      </trkpt>
      <trkpt lat="53.224196357902" lon="-2.2766671285819804">
        <ele>79.6</ele>
      </trkpt>
      <trkpt lat="53.224147108614716" lon="-2.277110068166493">
        <ele>79.6</ele>
      </trkpt>
      <trkpt lat="53.22410141045729" lon="-2.2775540669639676">
        <ele>79.8</ele>
      </trkpt>
      <trkpt lat="53.22406449179351" lon="-2.2780001099147427">
        <ele>80.1</ele>
      </trkpt>
      <trkpt lat="53.22409412903584" lon="-2.2784469824763733">
        <ele>80.1</ele>
      </trkpt>
      <trkpt lat="53.22413376624505" lon="-2.2788927228625986">
        <ele>79.9</ele>
      </trkpt>
      <trkpt lat="53.224176052863456" lon="-2.279337746222098">
        <ele>79.8</ele>
      </trkpt>
      <trkpt lat="53.22422314844413" lon="-2.27978139635191">
        <ele>79.7</ele>
      </trkpt>
      <trkpt lat="53.22427592898125" lon="-2.2802231680721596">
        <ele>79.5</ele>
      </trkpt>
      <trkpt lat="53.22432494010386" lon="-2.280666084677382">
        <ele>79.3</ele>
      </trkpt>
      <trkpt lat="53.2243716865533" lon="-2.2811098161211385">
        <ele>79.1</ele>
      </trkpt>
      <trkpt lat="53.22442920630888" lon="-2.281550067263092">
        <ele>78.8</ele>
      </trkpt>
      <trkpt lat="53.22452391117037" lon="-2.281970074614772">
        <ele>78.5</ele>
      </trkpt>
      <trkpt lat="53.22467724134467" lon="-2.282340340569124">
        <ele>78.4</ele>
      </trkpt>
      <trkpt lat="53.22484825777866" lon="-2.2826888098961824">
        <ele>78.4</ele>
      </trkpt>
      <trkpt lat="53.225012738067846" lon="-2.2830459794701192">
        <ele>78.4</ele>
      </trkpt>
      <trkpt lat="53.22519382507336" lon="-2.2833797747225932">
        <ele>78.4</ele>
      </trkpt>
      <trkpt lat="53.225367030169664" lon="-2.2837248563522916">
        <ele>78.4</ele>
      </trkpt>
      <trkpt lat="53.2255446681324" lon="-2.284064044314923">
        <ele>78.3</ele>
      </trkpt>
      <trkpt lat="53.2257254051746" lon="-2.2843986052089993">
        <ele>78.3</ele>
      </trkpt>
      <trkpt lat="53.22590026637252" lon="-2.2847417330684494">
        <ele>78.4</ele>
      </trkpt>
      <trkpt lat="53.22607715885336" lon="-2.285082014514747">
        <ele>78.7</ele>
      </trkpt>
      <trkpt lat="53.22625605936223" lon="-2.285419161415786">
        <ele>79.0</ele>
      </trkpt>
      <trkpt lat="53.22642576001523" lon="-2.2857695058832883">
        <ele>79.1</ele>
      </trkpt>
      <trkpt lat="53.22659393915801" lon="-2.286121891965103">
        <ele>79.0</ele>
      </trkpt>
      <trkpt lat="53.22675568495415" lon="-2.2864825119763585">
        <ele>78.6</ele>
      </trkpt>
      <trkpt lat="53.22690762783777" lon="-2.286854827661518">
        <ele>78.3</ele>
      </trkpt>
      <trkpt lat="53.22704758483562" lon="-2.2872398314479767">
        <ele>78.0</ele>
      </trkpt>
      <trkpt lat="53.227182360007596" lon="-2.287630060990967">
        <ele>77.9</ele>
      </trkpt>
      <trkpt lat="53.22731091407537" lon="-2.288026062550738">
        <ele>77.8</ele>
      </trkpt>
      <trkpt lat="53.22743688131293" lon="-2.2884245576819318">
        <ele>77.5</ele>
      </trkpt>
      <trkpt lat="53.22756865843374" lon="-2.288817754168527">
        <ele>77.5</ele>
      </trkpt>
      <trkpt lat="53.22769760205808" lon="-2.2892135975538275">
        <ele>77.9</ele>
      </trkpt>
      <trkpt lat="53.22781379786012" lon="-2.289620292559392">
        <ele>78.0</ele>
      </trkpt>
      <trkpt lat="53.22792220589974" lon="-2.290032982360836">
        <ele>77.8</ele>
      </trkpt>
      <trkpt lat="53.22803271334041" lon="-2.2904438684638477">
        <ele>77.3</ele>
      </trkpt>
      <trkpt lat="53.2281707975132" lon="-2.2908301343053816">
        <ele>76.8</ele>
      </trkpt>
      <trkpt lat="53.2283174673803" lon="-2.2912077812203666">
        <ele>76.7</ele>
      </trkpt>
      <trkpt lat="53.22843171164341" lon="-2.291616051349781">
        <ele>76.7</ele>
      </trkpt>
      <trkpt lat="53.228546721053526" lon="-2.292023693037186">
        <ele>76.8</ele>
      </trkpt>
      <trkpt lat="53.22865727828252" lon="-2.292434772324839">
        <ele>76.8</ele>
      </trkpt>
      <trkpt lat="53.22876716417949" lon="-2.2928462366641713">
        <ele>76.7</ele>
      </trkpt>
      <trkpt lat="53.2288740633166" lon="-2.293260006463172">
        <ele>76.6</ele>
      </trkpt>
      <trkpt lat="53.22897684347065" lon="-2.2936765966887758">
        <ele>76.7</ele>
      </trkpt>
      <trkpt lat="53.2290781725584" lon="-2.294094179363185">
        <ele>76.6</ele>
      </trkpt>
      <trkpt lat="53.22918457509653" lon="-2.2945083430055417">
        <ele>76.5</ele>
      </trkpt>
      <trkpt lat="53.229289839581675" lon="-2.2949233187191496">
        <ele>76.5</ele>
      </trkpt>
      <trkpt lat="53.22939776640788" lon="-2.29533636856687">
        <ele>76.5</ele>
      </trkpt>
      <trkpt lat="53.229505366673166" lon="-2.2957496643614004">
        <ele>76.3</ele>
      </trkpt>
      <trkpt lat="53.22960866324951" lon="-2.29616600034759">
        <ele>76.0</ele>
      </trkpt>
      <trkpt lat="53.22971832283765" lon="-2.2965777906979374">
        <ele>75.6</ele>
      </trkpt>
      <trkpt lat="53.22982866421192" lon="-2.2969890785258538">
        <ele>75.4</ele>
      </trkpt>
      <trkpt lat="53.229935351423684" lon="-2.2974030279816406">
        <ele>75.3</ele>
      </trkpt>
      <trkpt lat="53.23004489804411" lon="-2.2978148958676647">
        <ele>75.5</ele>
      </trkpt>
      <trkpt lat="53.2301457332005" lon="-2.29823281622026">
        <ele>75.9</ele>
      </trkpt>
      <trkpt lat="53.23025273166594" lon="-2.298646531992246">
        <ele>76.3</ele>
      </trkpt>
      <trkpt lat="53.23036391643619" lon="-2.2990570613135617">
        <ele>76.7</ele>
      </trkpt>
      <trkpt lat="53.23046922835976" lon="-2.2994719912292636">
        <ele>76.8</ele>
      </trkpt>
      <trkpt lat="53.23057333965076" lon="-2.299887757777611">
        <ele>76.9</ele>
      </trkpt>
      <trkpt lat="53.2306729982788" lon="-2.3003063854566124">
        <ele>77.1</ele>
      </trkpt>
      <trkpt lat="53.23078309503616" lon="-2.3007178635713985">
        <ele>77.3</ele>
      </trkpt>
      <trkpt lat="53.230899926086934" lon="-2.3011238485958057">
        <ele>77.5</ele>
      </trkpt>
      <trkpt lat="53.231000079053175" lon="-2.3015423600281246">
        <ele>77.7</ele>
      </trkpt>
      <trkpt lat="53.23109481575064" lon="-2.301963974772383">
        <ele>78.5</ele>
      </trkpt>
      <trkpt lat="53.231140447554054" lon="-2.3024070114619786">
        <ele>79.5</ele>
      </trkpt>
      <trkpt lat="53.2311288010567" lon="-2.3028541701420417">
        <ele>79.9</ele>
      </trkpt>
      <trkpt lat="53.23115509269117" lon="-2.303302195219076">
        <ele>79.7</ele>
      </trkpt>
      <trkpt lat="53.231192298594785" lon="-2.3037483214200165">
        <ele>79.3</ele>
      </trkpt>
      <trkpt lat="53.23124466205638" lon="-2.304190406713748">
        <ele>78.8</ele>
      </trkpt>
      <trkpt lat="53.231276962319065" lon="-2.3046374739988273">
        <ele>78.3</ele>
      </trkpt>
      <trkpt lat="53.23122903103796" lon="-2.305074265708248">
        <ele>78.0</ele>
      </trkpt>
      <trkpt lat="53.23105019472882" lon="-2.3054075813188715">
        <ele>77.8</ele>
      </trkpt>
      <trkpt lat="53.23084356719565" lon="-2.3056973706867185">
        <ele>77.3</ele>
      </trkpt>
      <trkpt lat="53.23063043696013" lon="-2.3059737251247543">
        <ele>76.4</ele>
      </trkpt>
      <trkpt lat="53.23042454923536" lon="-2.306264869165665">
        <ele>75.0</ele>
      </trkpt>
      <trkpt lat="53.23021884889917" lon="-2.306556512945435">
        <ele>72.9</ele>
      </trkpt>
      <trkpt lat="53.23000790584641" lon="-2.3068373449690442">
        <ele>70.6</ele>
      </trkpt>
      <trkpt lat="53.229788982655165" lon="-2.307100518388274">
        <ele>68.5</ele>
      </trkpt>
      <trkpt lat="53.22957277036411" lon="-2.3073700294504906">
        <ele>67.3</ele>
      </trkpt>
      <trkpt lat="53.22935312064268" lon="-2.3076316778031605">
        <ele>67.4</ele>
      </trkpt>
      <trkpt lat="53.22912842085272" lon="-2.307880982187006">
        <ele>68.8</ele>
      </trkpt>
      <trkpt lat="53.22890744599974" lon="-2.3081392341264375">
        <ele>70.5</ele>
      </trkpt>
      <trkpt lat="53.22868593145228" lon="-2.30839646323698">
        <ele>71.8</ele>
      </trkpt>
      <trkpt lat="53.22844152422688" lon="-2.308585088733268">
        <ele>72.7</ele>
      </trkpt>
      <trkpt lat="53.2281836442496" lon="-2.3087168209059508">
        <ele>73.4</ele>
      </trkpt>
      <trkpt lat="53.227928018188514" lon="-2.3088603306082387">
        <ele>73.9</ele>
      </trkpt>
      <trkpt lat="53.2276695999082" lon="-2.3089895257381503">
        <ele>74.5</ele>
      </trkpt>
      <trkpt lat="53.22740976464982" lon="-2.3091102831884465">
        <ele>75.3</ele>
      </trkpt>
      <trkpt lat="53.2271577626333" lon="-2.3092706008681723">
        <ele>76.4</ele>
      </trkpt>
      <trkpt lat="53.2269142831039" lon="-2.3094633584594972">
        <ele>77.6</ele>
      </trkpt>
      <trkpt lat="53.226680140505145" lon="-2.309687224997945">
        <ele>78.6</ele>
      </trkpt>
      <trkpt lat="53.22645003789537" lon="-2.3099225270437516">
        <ele>79.2</ele>
      </trkpt>
      <trkpt lat="53.226218278735715" lon="-2.310153206077692">
        <ele>79.3</ele>
      </trkpt>
      <trkpt lat="53.22598713244176" lon="-2.3103855421569466">
        <ele>79.1</ele>
      </trkpt>
      <trkpt lat="53.225751555461635" lon="-2.310604885837326">
        <ele>79.3</ele>
      </trkpt>
      <trkpt lat="53.225518792358365" lon="-2.3108326662173524">
        <ele>79.5</ele>
      </trkpt>
      <trkpt lat="53.22528782648511" lon="-2.3110654655742797">
        <ele>79.8</ele>
      </trkpt>
      <trkpt lat="53.22506500420251" lon="-2.3113188729550136">
        <ele>80.0</ele>
      </trkpt>
      <trkpt lat="53.224846615743544" lon="-2.31158327469861">
        <ele>80.4</ele>
      </trkpt>
      <trkpt lat="53.22462665776493" lon="-2.3118441249322337">
        <ele>81.0</ele>
      </trkpt>
      <trkpt lat="53.22440665639104" lon="-2.3121048911742816">
        <ele>81.7</ele>
      </trkpt>
      <trkpt lat="53.22417890867834" lon="-2.312346399726789">
        <ele>82.1</ele>
      </trkpt>
      <trkpt lat="53.2239504608278" lon="-2.312586069755336">
        <ele>82.1</ele>
      </trkpt>
      <trkpt lat="53.223722472108314" lon="-2.312826937015569">
        <ele>81.9</ele>
      </trkpt>
      <trkpt lat="53.22349438958828" lon="-2.3130675654871586">
        <ele>81.9</ele>
      </trkpt>
      <trkpt lat="53.2232668905603" lon="-2.3133097595221206">
        <ele>81.8</ele>
      </trkpt>
      <trkpt lat="53.223045331318986" lon="-2.3135667503988375">
        <ele>81.4</ele>
      </trkpt>
      <trkpt lat="53.22281892351748" lon="-2.313811762352182">
        <ele>81.0</ele>
      </trkpt>
      <trkpt lat="53.222584596479386" lon="-2.314034879676582">
        <ele>80.7</ele>
      </trkpt>
      <trkpt lat="53.22234375941964" lon="-2.314237886922721">
        <ele>80.6</ele>
      </trkpt>
      <trkpt lat="53.2221006765242" lon="-2.314433062219975">
        <ele>80.5</ele>
      </trkpt>
      <trkpt lat="53.22185978885254" lon="-2.314635970051503">
        <ele>80.4</ele>
      </trkpt>
      <trkpt lat="53.221619966257585" lon="-2.314842264930612">
        <ele>80.4</ele>
      </trkpt>
      <trkpt lat="53.22138192257106" lon="-2.315054273865302">
        <ele>80.5</ele>
      </trkpt>
      <trkpt lat="53.22114990135235" lon="-2.3152842281478065">
        <ele>80.6</ele>
      </trkpt>
      <trkpt lat="53.22091910572853" lon="-2.315517529791533">
        <ele>80.9</ele>
      </trkpt>
      <trkpt lat="53.22068581319491" lon="-2.31574383524071">
        <ele>81.1</ele>
      </trkpt>
      <trkpt lat="53.22045436152654" lon="-2.3159753044307907">
        <ele>80.9</ele>
      </trkpt>
      <trkpt lat="53.22022479832738" lon="-2.3162120036200853">
        <ele>80.3</ele>
      </trkpt>
      <trkpt lat="53.219992074276874" lon="-2.316439933297758">
        <ele>79.8</ele>
      </trkpt>
      <trkpt lat="53.21976229915512" lon="-2.3166760329513494">
        <ele>79.4</ele>
      </trkpt>
      <trkpt lat="53.21953209114197" lon="-2.316911008995851">
        <ele>79.1</ele>
      </trkpt>
      <trkpt lat="53.21930154072613" lon="-2.317145018737185">
        <ele>79.0</ele>
      </trkpt>
      <trkpt lat="53.21907123405426" lon="-2.317379632321847">
        <ele>78.8</ele>
      </trkpt>
      <trkpt lat="53.21884241746974" lon="-2.3176183267567314">
        <ele>78.8</ele>
      </trkpt>
      <trkpt lat="53.21861364114115" lon="-2.317857005931921">
        <ele>78.9</ele>
      </trkpt>
      <trkpt lat="53.21838666555955" lon="-2.318100553544258">
        <ele>79.1</ele>
      </trkpt>
      <trkpt lat="53.21816336016304" lon="-2.318353100967072">
        <ele>79.2</ele>
      </trkpt>
      <trkpt lat="53.217938056718936" lon="-2.318600916851543">
        <ele>79.4</ele>
      </trkpt>
      <trkpt lat="53.21771312014284" lon="-2.318849632095989">
        <ele>79.7</ele>
      </trkpt>
      <trkpt lat="53.21748733688278" lon="-2.31909620663323">
        <ele>80.0</ele>
      </trkpt>
      <trkpt lat="53.21727034523052" lon="-2.3193638197061603">
        <ele>79.8</ele>
      </trkpt>
      <trkpt lat="53.21705483015539" lon="-2.31963481489366">
        <ele>79.5</ele>
      </trkpt>
      <trkpt lat="53.216841841604875" lon="-2.3199113771021915">
        <ele>79.3</ele>
      </trkpt>
      <trkpt lat="53.216631276090666" lon="-2.3201930624451803">
        <ele>79.3</ele>
      </trkpt>
      <trkpt lat="53.21642245485247" lon="-2.320478183088311">
        <ele>79.5</ele>
      </trkpt>
      <trkpt lat="53.216215469725924" lon="-2.32076715839338">
        <ele>79.7</ele>
      </trkpt>
      <trkpt lat="53.21601109355031" lon="-2.3210611893202464">
        <ele>79.6</ele>
      </trkpt>
      <trkpt lat="53.21580756096623" lon="-2.3213567929891696">
        <ele>79.3</ele>
      </trkpt>
      <trkpt lat="53.2156009207733" lon="-2.3216464740033125">
        <ele>79.1</ele>
      </trkpt>
      <trkpt lat="53.21539718380837" lon="-2.3219417698214837">
        <ele>79.0</ele>
      </trkpt>
      <trkpt lat="53.21519691333023" lon="-2.322243667089838">
        <ele>79.0</ele>
      </trkpt>
      <trkpt lat="53.21501052338858" lon="-2.3225688754506337">
        <ele>78.9</ele>
      </trkpt>
      <trkpt lat="53.2148588443308" lon="-2.32294061735657">
        <ele>78.6</ele>
      </trkpt>
      <trkpt lat="53.21473154865109" lon="-2.3233373797216426">
        <ele>78.1</ele>
      </trkpt>
      <trkpt lat="53.214630923915514" lon="-2.3237553218374667">
        <ele>77.5</ele>
      </trkpt>
      <trkpt lat="53.21454910646054" lon="-2.3241845269135113">
        <ele>77.0</ele>
      </trkpt>
      <trkpt lat="53.21449890136957" lon="-2.3246267884164573">
        <ele>76.9</ele>
      </trkpt>
      <trkpt lat="53.21445749179488" lon="-2.325071696318084">
        <ele>76.9</ele>
      </trkpt>
      <trkpt lat="53.21445080111551" lon="-2.3255218075583555">
        <ele>76.6</ele>
      </trkpt>
      <trkpt lat="53.214461998018244" lon="-2.325971960109154">
        <ele>76.1</ele>
      </trkpt>
      <trkpt lat="53.21448419370874" lon="-2.326420863114641">
        <ele>75.6</ele>
      </trkpt>
      <trkpt lat="53.21453839238715" lon="-2.3268617777630136">
        <ele>75.3</ele>
      </trkpt>
      <trkpt lat="53.21461289820082" lon="-2.327294761102164">
        <ele>75.0</ele>
      </trkpt>
      <trkpt lat="53.21470362068261" lon="-2.3277187271264026">
        <ele>74.6</ele>
      </trkpt>
      <trkpt lat="53.21469025193729" lon="-2.3281597350516554">
        <ele>74.6</ele>
      </trkpt>
      <trkpt lat="53.21451438332744" lon="-2.328489899506814">
        <ele>75.4</ele>
      </trkpt>
      <trkpt lat="53.214277480651624" lon="-2.3287044173135056">
        <ele>76.3</ele>
      </trkpt>
      <trkpt lat="53.21404685727473" lon="-2.328937245610541">
        <ele>76.7</ele>
      </trkpt>
      <trkpt lat="53.213838312327724" lon="-2.329222777025782">
        <ele>76.5</ele>
      </trkpt>
      <trkpt lat="53.21363897077685" lon="-2.3295262952199005">
        <ele>75.8</ele>
      </trkpt>
      <trkpt lat="53.21342849676275" lon="-2.3298080418851854">
        <ele>74.9</ele>
      </trkpt>
      <trkpt lat="53.21320805767367" lon="-2.330067566269335">
        <ele>74.0</ele>
      </trkpt>
      <trkpt lat="53.21297605972436" lon="-2.330296906231023">
        <ele>72.8</ele>
      </trkpt>
      <trkpt lat="53.212726942613564" lon="-2.330469374497356">
        <ele>71.2</ele>
      </trkpt>
      <trkpt lat="53.21246275809861" lon="-2.33055756062697">
        <ele>69.3</ele>
      </trkpt>
      <trkpt lat="53.21219924548345" lon="-2.330651652833093">
        <ele>67.5</ele>
      </trkpt>
      <trkpt lat="53.211947455889295" lon="-2.330811746204628">
        <ele>65.9</ele>
      </trkpt>
      <trkpt lat="53.211717664572014" lon="-2.3310448052173554">
        <ele>64.1</ele>
      </trkpt>
      <trkpt lat="53.21153986807307" lon="-2.3313818279325624">
        <ele>62.3</ele>
      </trkpt>
      <trkpt lat="53.211406185674285" lon="-2.3317729782066006">
        <ele>60.7</ele>
      </trkpt>
      <trkpt lat="53.21128049296656" lon="-2.332171578455641">
        <ele>59.6</ele>
      </trkpt>
      <trkpt lat="53.211138094052956" lon="-2.3325541401605108">
        <ele>58.9</ele>
      </trkpt>
      <trkpt lat="53.21098163092243" lon="-2.3329211226956006">
        <ele>58.3</ele>
      </trkpt>
      <trkpt lat="53.210812782024625" lon="-2.333272329924556">
        <ele>57.7</ele>
      </trkpt>
      <trkpt lat="53.210629223769985" lon="-2.3336023571502222">
        <ele>57.4</ele>
      </trkpt>
      <trkpt lat="53.21043088031819" lon="-2.333907420789381">
        <ele>57.2</ele>
      </trkpt>
      <trkpt lat="53.21020602712002" lon="-2.3341532244873804">
        <ele>56.9</ele>
      </trkpt>
      <trkpt lat="53.20995171343451" lon="-2.334300225111805">
        <ele>56.4</ele>
      </trkpt>
      <trkpt lat="53.209690883454805" lon="-2.3344146756141706">
        <ele>55.7</ele>
      </trkpt>
      <trkpt lat="53.209442355671136" lon="-2.3345877270491906">
        <ele>55.1</ele>
      </trkpt>
      <trkpt lat="53.20920932948006" lon="-2.3348141867183205">
        <ele>54.5</ele>
      </trkpt>
      <trkpt lat="53.208962578269144" lon="-2.3349945925590925">
        <ele>53.8</ele>
      </trkpt>
      <trkpt lat="53.20870465608685" lon="-2.3351263924908827">
        <ele>52.9</ele>
      </trkpt>
      <trkpt lat="53.20844360643788" lon="-2.335239017986865">
        <ele>51.8</ele>
      </trkpt>
      <trkpt lat="53.20820000868194" lon="-2.335430514144889">
        <ele>50.7</ele>
      </trkpt>
      <trkpt lat="53.207997071215885" lon="-2.3357235280318203">
        <ele>49.7</ele>
      </trkpt>
      <trkpt lat="53.20785571832813" lon="-2.3361052076037616">
        <ele>48.9</ele>
      </trkpt>
      <trkpt lat="53.20773909445557" lon="-2.336511389764689">
        <ele>48.2</ele>
      </trkpt>
      <trkpt lat="53.20761225190753" lon="-2.336908494518199">
        <ele>47.5</ele>
      </trkpt>
      <trkpt lat="53.20745960534605" lon="-2.3372796730799363">
        <ele>46.8</ele>
      </trkpt>
      <trkpt lat="53.20729627303491" lon="-2.3376382071217936">
        <ele>46.4</ele>
      </trkpt>
      <trkpt lat="53.20715523703" lon="-2.338021981072686">
        <ele>45.7</ele>
      </trkpt>
      <trkpt lat="53.20703280614254" lon="-2.3384232861921">
        <ele>45.0</ele>
      </trkpt>
      <trkpt lat="53.20693203881529" lon="-2.3388408936935523">
        <ele>44.5</ele>
      </trkpt>
      <trkpt lat="53.206850508740736" lon="-2.3392702256118523">
        <ele>44.5</ele>
      </trkpt>
      <trkpt lat="53.206809596619905" lon="-2.339714495176725">
        <ele>44.6</ele>
      </trkpt>
      <trkpt lat="53.20680005010687" lon="-2.3401645746902067">
        <ele>44.6</ele>
      </trkpt>
      <trkpt lat="53.20678492859783" lon="-2.3406140103046456">
        <ele>44.8</ele>
      </trkpt>
      <trkpt lat="53.20673089758754" lon="-2.3410550031541617">
        <ele>45.2</ele>
      </trkpt>
      <trkpt lat="53.20665062648908" lon="-2.3414849603446517">
        <ele>45.8</ele>
      </trkpt>
      <trkpt lat="53.206560389882924" lon="-2.3419094703963736">
        <ele>46.3</ele>
      </trkpt>
      <trkpt lat="53.206462026240146" lon="-2.34232882388012">
        <ele>47.1</ele>
      </trkpt>
      <trkpt lat="53.20634079389718" lon="-2.342730779139463">
        <ele>48.2</ele>
      </trkpt>
      <trkpt lat="53.20618619390762" lon="-2.3430995521293925">
        <ele>49.9</ele>
      </trkpt>
      <trkpt lat="53.205994573004205" lon="-2.343414425069385">
        <ele>52.2</ele>
      </trkpt>
      <trkpt lat="53.20577820402059" lon="-2.3436814843688056">
        <ele>54.7</ele>
      </trkpt>
      <trkpt lat="53.205538253604104" lon="-2.343885412854845">
        <ele>56.7</ele>
      </trkpt>
      <trkpt lat="53.2052806979119" lon="-2.344017520846208">
        <ele>58.3</ele>
      </trkpt>
      <trkpt lat="53.205014108778826" lon="-2.3440855843030195">
        <ele>59.8</ele>
      </trkpt>
      <trkpt lat="53.20474524206528" lon="-2.3441169146984167">
        <ele>61.3</ele>
      </trkpt>
      <trkpt lat="53.204475607740044" lon="-2.3441149214518253">
        <ele>62.8</ele>
      </trkpt>
      <trkpt lat="53.20420591842232" lon="-2.3441148579396613">
        <ele>64.4</ele>
      </trkpt>
      <trkpt lat="53.20393651950212" lon="-2.3441092406304587">
        <ele>66.0</ele>
      </trkpt>
      <trkpt lat="53.20366712060228" lon="-2.3440892786665946">
        <ele>67.2</ele>
      </trkpt>
      <trkpt lat="53.203397956349264" lon="-2.344063678613346">
        <ele>68.0</ele>
      </trkpt>
      <trkpt lat="53.20312829922449" lon="-2.3440609546795175">
        <ele>68.3</ele>
      </trkpt>
      <trkpt lat="53.202860341185215" lon="-2.3440892421015254">
        <ele>68.4</ele>
      </trkpt>
      <trkpt lat="53.202615408509786" lon="-2.3442745938837186">
        <ele>68.2</ele>
      </trkpt>
      <trkpt lat="53.202429435214164" lon="-2.344597261656954">
        <ele>67.9</ele>
      </trkpt>
      <trkpt lat="53.202345592826674" lon="-2.3450225786301564">
        <ele>67.5</ele>
      </trkpt>
      <trkpt lat="53.202180424400275" lon="-2.345369719482851">
        <ele>67.3</ele>
      </trkpt>
      <trkpt lat="53.20194616885947" lon="-2.345587475893391">
        <ele>67.1</ele>
      </trkpt>
      <trkpt lat="53.201692126409895" lon="-2.3457374596119074">
        <ele>66.7</ele>
      </trkpt>
      <trkpt lat="53.20143403551035" lon="-2.3458683983342223">
        <ele>66.2</ele>
      </trkpt>
      <trkpt lat="53.20117270727385" lon="-2.345980293418705">
        <ele>65.6</ele>
      </trkpt>
      <trkpt lat="53.200911308298046" lon="-2.346091594916529">
        <ele>64.9</ele>
      </trkpt>
      <trkpt lat="53.2006511282561" lon="-2.3462105036097642">
        <ele>64.6</ele>
      </trkpt>
      <trkpt lat="53.20039153176737" lon="-2.3463331706990305">
        <ele>64.6</ele>
      </trkpt>
      <trkpt lat="53.20013277213513" lon="-2.346460644733609">
        <ele>65.0</ele>
      </trkpt>
      <trkpt lat="53.19987296348828" lon="-2.346581891454675">
        <ele>65.5</ele>
      </trkpt>
      <trkpt lat="53.199613951282394" lon="-2.3467077471455005">
        <ele>65.8</ele>
      </trkpt>
      <trkpt lat="53.19935457244539" lon="-2.346831250094714">
        <ele>65.9</ele>
      </trkpt>
      <trkpt lat="53.199094224728654" lon="-2.3469493407563617">
        <ele>66.1</ele>
      </trkpt>
      <trkpt lat="53.19883427104294" lon="-2.347069710640508">
        <ele>66.3</ele>
      </trkpt>
      <trkpt lat="53.198576010137174" lon="-2.347199460254002">
        <ele>66.3</ele>
      </trkpt>
      <trkpt lat="53.19831963458009" lon="-2.347339601636367">
        <ele>66.2</ele>
      </trkpt>
      <trkpt lat="53.19806372077781" lon="-2.347482007257242">
        <ele>66.3</ele>
      </trkpt>
      <trkpt lat="53.19780091949204" lon="-2.347506649564997">
        <ele>66.5</ele>
      </trkpt>
      <trkpt lat="53.19761161450058" lon="-2.3471950585819363">
        <ele>66.7</ele>
      </trkpt>
      <trkpt lat="53.19745255932389" lon="-2.3468316193024403">
        <ele>66.6</ele>
      </trkpt>
      <trkpt lat="53.19729114884571" lon="-2.3464710842577188">
        <ele>66.3</ele>
      </trkpt>
      <trkpt lat="53.197118070685725" lon="-2.3461257994456686">
        <ele>65.8</ele>
      </trkpt>
      <trkpt lat="53.196956765263586" lon="-2.3457647941758712">
        <ele>65.3</ele>
      </trkpt>
      <trkpt lat="53.196815574561604" lon="-2.345381240155319">
        <ele>65.0</ele>
      </trkpt>
      <trkpt lat="53.19667223907135" lon="-2.3449997183866023">
        <ele>64.8</ele>
      </trkpt>
      <trkpt lat="53.19653940627547" lon="-2.3446077896143365">
        <ele>64.6</ele>
      </trkpt>
      <trkpt lat="53.196414272667305" lon="-2.344208922060884">
        <ele>64.5</ele>
      </trkpt>
      <trkpt lat="53.19630815604284" lon="-2.343795222450361">
        <ele>64.7</ele>
      </trkpt>
      <trkpt lat="53.19620918323959" lon="-2.343376275217698">
        <ele>64.9</ele>
      </trkpt>
      <trkpt lat="53.19611169628154" lon="-2.3429563900634562">
        <ele>65.4</ele>
      </trkpt>
      <trkpt lat="53.195989921104086" lon="-2.342555113950237">
        <ele>66.0</ele>
      </trkpt>
      <trkpt lat="53.19583930471473" lon="-2.342181571096199">
        <ele>66.8</ele>
      </trkpt>
      <trkpt lat="53.19568574446806" lon="-2.341811365072073">
        <ele>67.8</ele>
      </trkpt>
      <trkpt lat="53.195526913980615" lon="-2.341447466122311">
        <ele>68.7</ele>
      </trkpt>
      <trkpt lat="53.195367809735465" lon="-2.341083819803061">
        <ele>69.3</ele>
      </trkpt>
      <trkpt lat="53.19520891304181" lon="-2.3407198723221825">
        <ele>69.7</ele>
      </trkpt>
      <trkpt lat="53.19505263366895" lon="-2.3403528958426927">
        <ele>70.0</ele>
      </trkpt>
      <trkpt lat="53.19491897745475" lon="-2.3399621999729963">
        <ele>70.0</ele>
      </trkpt>
      <trkpt lat="53.19480562952779" lon="-2.3395536124445186">
        <ele>69.9</ele>
      </trkpt>
      <trkpt lat="53.1947017567977" lon="-2.339137996985825">
        <ele>69.9</ele>
      </trkpt>
      <trkpt lat="53.194605665754835" lon="-2.338717294757103">
        <ele>70.1</ele>
      </trkpt>
      <trkpt lat="53.19451052640133" lon="-2.338295983021646">
        <ele>70.2</ele>
      </trkpt>
      <trkpt lat="53.194426530863986" lon="-2.337868256917729">
        <ele>70.0</ele>
      </trkpt>
      <trkpt lat="53.19435332851318" lon="-2.3374348529940776">
        <ele>69.7</ele>
      </trkpt>
      <trkpt lat="53.194280692843215" lon="-2.3370011591847066">
        <ele>69.7</ele>
      </trkpt>
      <trkpt lat="53.19420894572201" lon="-2.336567064823047">
        <ele>69.8</ele>
      </trkpt>
      <trkpt lat="53.19413682159506" lon="-2.3361331888528483">
        <ele>70.0</ele>
      </trkpt>
      <trkpt lat="53.19406494027647" lon="-2.335699239939458">
        <ele>70.3</ele>
      </trkpt>
      <trkpt lat="53.19398162449016" lon="-2.335270951389328">
        <ele>70.6</ele>
      </trkpt>
      <trkpt lat="53.19389924005191" lon="-2.3348421507059407">
        <ele>70.9</ele>
      </trkpt>
      <trkpt lat="53.19381658694797" lon="-2.334413475055357">
        <ele>71.2</ele>
      </trkpt>
      <trkpt lat="53.19373558731738" lon="-2.333983923352126">
        <ele>71.5</ele>
      </trkpt>
      <trkpt lat="53.19365830037554" lon="-2.3335528882937755">
        <ele>71.6</ele>
      </trkpt>
      <trkpt lat="53.19359790244138" lon="-2.333114011790165">
        <ele>71.9</ele>
      </trkpt>
      <trkpt lat="53.19354649223882" lon="-2.3326719769403734">
        <ele>72.3</ele>
      </trkpt>
      <trkpt lat="53.193481237683656" lon="-2.3322351200397935">
        <ele>72.8</ele>
      </trkpt>
      <trkpt lat="53.19340642824719" lon="-2.331802567970027">
        <ele>73.3</ele>
      </trkpt>
      <trkpt lat="53.1933082350355" lon="-2.331383205507852">
        <ele>73.8</ele>
      </trkpt>
      <trkpt lat="53.19319790084784" lon="-2.330972283129474">
        <ele>74.4</ele>
      </trkpt>
      <trkpt lat="53.19307697822634" lon="-2.3305698425336328">
        <ele>74.9</ele>
      </trkpt>
      <trkpt lat="53.19295233706723" lon="-2.3301705115999107">
        <ele>75.5</ele>
      </trkpt>
      <trkpt lat="53.192831605450586" lon="-2.3297679774318625">
        <ele>76.1</ele>
      </trkpt>
      <trkpt lat="53.19271084828355" lon="-2.3293653902276144">
        <ele>76.8</ele>
      </trkpt>
      <trkpt lat="53.192584483834" lon="-2.3289675489424697">
        <ele>77.6</ele>
      </trkpt>
      <trkpt lat="53.19245654947558" lon="-2.3285710985188914">
        <ele>78.2</ele>
      </trkpt>
      <trkpt lat="53.19233127841667" lon="-2.328172298849299">
        <ele>78.6</ele>
      </trkpt>
      <trkpt lat="53.19221197836689" lon="-2.327768474972078">
        <ele>78.9</ele>
      </trkpt>
      <trkpt lat="53.192096878355805" lon="-2.327361506342136">
        <ele>79.1</ele>
      </trkpt>
      <trkpt lat="53.191987820054976" lon="-2.3269496503202904">
        <ele>79.0</ele>
      </trkpt>
      <trkpt lat="53.191877625094556" lon="-2.3265386272694477">
        <ele>78.4</ele>
      </trkpt>
      <trkpt lat="53.19176536151065" lon="-2.3261292883047093">
        <ele>77.6</ele>
      </trkpt>
      <trkpt lat="53.191634694210414" lon="-2.3257356317512445">
        <ele>77.0</ele>
      </trkpt>
      <trkpt lat="53.19147022185092" lon="-2.325379191266862">
        <ele>76.7</ele>
      </trkpt>
      <trkpt lat="53.19129439351073" lon="-2.3250376663244507">
        <ele>76.7</ele>
      </trkpt>
      <trkpt lat="53.191126601184" lon="-2.3246850690057244">
        <ele>76.9</ele>
      </trkpt>
      <trkpt lat="53.1909606028561" lon="-2.3243300959823023">
        <ele>77.3</ele>
      </trkpt>
      <trkpt lat="53.19080433465711" lon="-2.3239633774179516">
        <ele>77.9</ele>
      </trkpt>
      <trkpt lat="53.19066991054343" lon="-2.3235730508337094">
        <ele>78.9</ele>
      </trkpt>
      <trkpt lat="53.19056711985834" lon="-2.323156801163912">
        <ele>79.9</ele>
      </trkpt>
      <trkpt lat="53.190475912091614" lon="-2.322733374991562">
        <ele>80.9</ele>
      </trkpt>
      <trkpt lat="53.19041713855494" lon="-2.322294231343184">
        <ele>81.5</ele>
      </trkpt>
      <trkpt lat="53.1903746900758" lon="-2.321849697944755">
        <ele>81.7</ele>
      </trkpt>
      <trkpt lat="53.19032050097872" lon="-2.32140859253899">
        <ele>81.6</ele>
      </trkpt>
      <trkpt lat="53.19026296225597" lon="-2.3209686818789477">
        <ele>81.5</ele>
      </trkpt>
      <trkpt lat="53.19020960301525" lon="-2.3205273192447016">
        <ele>81.4</ele>
      </trkpt>
      <trkpt lat="53.19015660910219" lon="-2.3200858083905396">
        <ele>81.1</ele>
      </trkpt>
      <trkpt lat="53.19010484746097" lon="-2.3196439224740457">
        <ele>80.7</ele>
      </trkpt>
      <trkpt lat="53.190059656717764" lon="-2.319200021219961">
        <ele>80.3</ele>
      </trkpt>
      <trkpt lat="53.19001707235489" lon="-2.3187553800978127">
        <ele>79.9</ele>
      </trkpt>
      <trkpt lat="53.18996794329969" lon="-2.318312708664354">
        <ele>79.8</ele>
      </trkpt>
      <trkpt lat="53.18991663823965" lon="-2.3178706608131514">
        <ele>79.7</ele>
      </trkpt>
      <trkpt lat="53.189860019800264" lon="-2.317430463468552">
        <ele>79.5</ele>
      </trkpt>
      <trkpt lat="53.18979667514868" lon="-2.3169928179634245">
        <ele>79.3</ele>
      </trkpt>
      <trkpt lat="53.18972847948899" lon="-2.3165571530601796">
        <ele>79.3</ele>
      </trkpt>
      <trkpt lat="53.18966100647586" lon="-2.3161211772319246">
        <ele>79.5</ele>
      </trkpt>
      <trkpt lat="53.189598894233406" lon="-2.315683011425742">
        <ele>79.8</ele>
      </trkpt>
      <trkpt lat="53.18954199510928" lon="-2.3152428567075254">
        <ele>80.2</ele>
      </trkpt>
      <trkpt lat="53.18948725717873" lon="-2.3148019401501783">
        <ele>80.5</ele>
      </trkpt>
      <trkpt lat="53.1894311021518" lon="-2.314361562585592">
        <ele>80.5</ele>
      </trkpt>
      <trkpt lat="53.18937830826713" lon="-2.313919998557007">
        <ele>80.1</ele>
      </trkpt>
      <trkpt lat="53.18932015767719" lon="-2.3134803074249444">
        <ele>79.4</ele>
      </trkpt>
      <trkpt lat="53.18925177550369" lon="-2.313044892182303">
        <ele>78.7</ele>
      </trkpt>
      <trkpt lat="53.18916979659536" lon="-2.312615901287924">
        <ele>77.8</ele>
      </trkpt>
      <trkpt lat="53.18908813801515" lon="-2.3121868123178344">
        <ele>76.9</ele>
      </trkpt>
      <trkpt lat="53.18903697499601" lon="-2.3117449727704598">
        <ele>76.1</ele>
      </trkpt>
      <trkpt lat="53.18900796215341" lon="-2.3112974290626513">
        <ele>75.6</ele>
      </trkpt>
      <trkpt lat="53.18900989517095" lon="-2.3108472308493058">
        <ele>75.3</ele>
      </trkpt>
      <trkpt lat="53.18898814753469" lon="-2.310398829555899">
        <ele>75.1</ele>
      </trkpt>
      <trkpt lat="53.18893541962515" lon="-2.30995746889913">
        <ele>75.1</ele>
      </trkpt>
      <trkpt lat="53.18886378928906" lon="-2.3095234010800554">
        <ele>75.1</ele>
      </trkpt>
      <trkpt lat="53.18879582045335" lon="-2.309087650167522">
        <ele>75.2</ele>
      </trkpt>
      <trkpt lat="53.18873212327735" lon="-2.3086501146402605">
        <ele>75.2</ele>
      </trkpt>
      <trkpt lat="53.18868850080233" lon="-2.308205972358677">
        <ele>75.3</ele>
      </trkpt>
      <trkpt lat="53.1886485652707" lon="-2.307760736687748">
        <ele>75.4</ele>
      </trkpt>
      <trkpt lat="53.188592621517884" lon="-2.3073207689128084">
        <ele>75.6</ele>
      </trkpt>
      <trkpt lat="53.18849453126902" lon="-2.306901969004146">
        <ele>75.9</ele>
      </trkpt>
      <trkpt lat="53.18838096307489" lon="-2.3064936524229434">
        <ele>76.1</ele>
      </trkpt>
      <trkpt lat="53.18827330405464" lon="-2.306080856331416">
        <ele>76.3</ele>
      </trkpt>
      <trkpt lat="53.18817387897917" lon="-2.3056622890449323">
        <ele>76.3</ele>
      </trkpt>
      <trkpt lat="53.18807859559326" lon="-2.305241050700573">
        <ele>76.2</ele>
      </trkpt>
      <trkpt lat="53.18799462476849" lon="-2.30481339418957">
        <ele>76.3</ele>
      </trkpt>
      <trkpt lat="53.18791387135337" lon="-2.304383838196653">
        <ele>76.3</ele>
      </trkpt>
      <trkpt lat="53.18783109250037" lon="-2.3039553025545843">
        <ele>76.4</ele>
      </trkpt>
      <trkpt lat="53.18773929804781" lon="-2.3035321426845434">
        <ele>76.5</ele>
      </trkpt>
      <trkpt lat="53.18762551774786" lon="-2.3031241293448486">
        <ele>76.7</ele>
      </trkpt>
      <trkpt lat="53.187481682395315" lon="-2.3027433515522184">
        <ele>76.8</ele>
      </trkpt>
      <trkpt lat="53.18732225750639" lon="-2.3023803261154687">
        <ele>76.9</ele>
      </trkpt>
      <trkpt lat="53.187145594288964" lon="-2.3020401578742056">
        <ele>77.1</ele>
      </trkpt>
      <trkpt lat="53.18697581696521" lon="-2.3016902795561704">
        <ele>77.5</ele>
      </trkpt>
      <trkpt lat="53.18680182127093" lon="-2.3013461795193506">
        <ele>77.8</ele>
      </trkpt>
      <trkpt lat="53.18663121730567" lon="-2.3009973834551545">
        <ele>78.0</ele>
      </trkpt>
      <trkpt lat="53.18645805006166" lon="-2.3006521207495356">
        <ele>78.1</ele>
      </trkpt>
      <trkpt lat="53.18628273481107" lon="-2.3003101438998943">
        <ele>78.3</ele>
      </trkpt>
      <trkpt lat="53.186098691967686" lon="-2.299980955626709">
        <ele>78.6</ele>
      </trkpt>
      <trkpt lat="53.18591000571687" lon="-2.299659298242191">
        <ele>79.0</ele>
      </trkpt>
      <trkpt lat="53.18572552345552" lon="-2.299330807490494">
        <ele>79.3</ele>
      </trkpt>
      <trkpt lat="53.18554329472451" lon="-2.298998890818812">
        <ele>79.7</ele>
      </trkpt>
      <trkpt lat="53.18536219277589" lon="-2.2986652022995373">
        <ele>80.1</ele>
      </trkpt>
      <trkpt lat="53.18518271552957" lon="-2.298329057449796">
        <ele>80.4</ele>
      </trkpt>
      <trkpt lat="53.18499459597041" lon="-2.2980065189882897">
        <ele>80.6</ele>
      </trkpt>
      <trkpt lat="53.18480144027524" lon="-2.2976921798184593">
        <ele>80.6</ele>
      </trkpt>
      <trkpt lat="53.18460868280934" lon="-2.29737725647149">
        <ele>80.8</ele>
      </trkpt>
      <trkpt lat="53.18441937218583" lon="-2.297056652498732">
        <ele>81.0</ele>
      </trkpt>
      <trkpt lat="53.184240616291405" lon="-2.2967195244728225">
        <ele>81.2</ele>
      </trkpt>
      <trkpt lat="53.18405718389266" lon="-2.2963895431375914">
        <ele>81.4</ele>
      </trkpt>
      <trkpt lat="53.183875262132055" lon="-2.296057174360373">
        <ele>81.5</ele>
      </trkpt>
      <trkpt lat="53.18369643289255" lon="-2.2957200988667243">
        <ele>81.7</ele>
      </trkpt>
      <trkpt lat="53.18350739404607" lon="-2.295398995066052">
        <ele>82.0</ele>
      </trkpt>
      <trkpt lat="53.18331789137174" lon="-2.29507855450952">
        <ele>82.3</ele>
      </trkpt>
      <trkpt lat="53.183134834492286" lon="-2.2947482079082655">
        <ele>82.3</ele>
      </trkpt>
      <trkpt lat="53.1829815997771" lon="-2.294378362963846">
        <ele>82.2</ele>
      </trkpt>
      <trkpt lat="53.1828621524828" lon="-2.293974866024599">
        <ele>81.9</ele>
      </trkpt>
      <trkpt lat="53.182747661685525" lon="-2.2935672347964617">
        <ele>81.6</ele>
      </trkpt>
      <trkpt lat="53.18263043426867" lon="-2.2931617838761333">
        <ele>81.5</ele>
      </trkpt>
      <trkpt lat="53.18251176642116" lon="-2.292757536715203">
        <ele>81.8</ele>
      </trkpt>
      <trkpt lat="53.182390931869165" lon="-2.2923550366939045">
        <ele>82.3</ele>
      </trkpt>
      <trkpt lat="53.18226537434789" lon="-2.2919565709032206">
        <ele>82.7</ele>
      </trkpt>
      <trkpt lat="53.18212754211531" lon="-2.2915697574223692">
        <ele>82.9</ele>
      </trkpt>
      <trkpt lat="53.18198504925399" lon="-2.2911875688297534">
        <ele>83.0</ele>
      </trkpt>
      <trkpt lat="53.18183786466663" lon="-2.2908102945681508">
        <ele>83.0</ele>
      </trkpt>
      <trkpt lat="53.181686573687436" lon="-2.290437667320791">
        <ele>83.1</ele>
      </trkpt>
      <trkpt lat="53.18152824509418" lon="-2.2900732461430566">
        <ele>83.1</ele>
      </trkpt>
      <trkpt lat="53.18136668348825" lon="-2.2897126953730815">
        <ele>83.0</ele>
      </trkpt>
      <trkpt lat="53.18120272684932" lon="-2.2893551755422">
        <ele>82.9</ele>
      </trkpt>
      <trkpt lat="53.18103300062046" lon="-2.2890053890555215">
        <ele>82.8</ele>
      </trkpt>
      <trkpt lat="53.18086698083904" lon="-2.288650571838996">
        <ele>82.8</ele>
      </trkpt>
      <trkpt lat="53.18069786949891" lon="-2.2882999294792614">
        <ele>82.8</ele>
      </trkpt>
      <trkpt lat="53.1805306975301" lon="-2.28794664775009">
        <ele>82.8</ele>
      </trkpt>
      <trkpt lat="53.180354480038666" lon="-2.2876058843494076">
        <ele>82.7</ele>
      </trkpt>
      <trkpt lat="53.18016548501157" lon="-2.287285032552106">
        <ele>82.5</ele>
      </trkpt>
      <trkpt lat="53.179967023834735" lon="-2.2869803262600836">
        <ele>82.3</ele>
      </trkpt>
      <trkpt lat="53.17975767249545" lon="-2.2866965845962763">
        <ele>82.4</ele>
      </trkpt>
      <trkpt lat="53.179537484830334" lon="-2.2864369672319844">
        <ele>82.8</ele>
      </trkpt>
      <trkpt lat="53.1793149385133" lon="-2.286182950738201">
        <ele>83.1</ele>
      </trkpt>
      <trkpt lat="53.17911208284177" lon="-2.2858863477700466">
        <ele>83.5</ele>
      </trkpt>
      <trkpt lat="53.1789148327295" lon="-2.285579230381052">
        <ele>83.7</ele>
      </trkpt>
      <trkpt lat="53.17871495838611" lon="-2.2852768989655052">
        <ele>83.8</ele>
      </trkpt>
      <trkpt lat="53.178512744037" lon="-2.2849789165933134">
        <ele>83.9</ele>
      </trkpt>
      <trkpt lat="53.17830379459252" lon="-2.2846941788819883">
        <ele>84.0</ele>
      </trkpt>
      <trkpt lat="53.178094511646876" lon="-2.2844102201616385">
        <ele>84.2</ele>
      </trkpt>
      <trkpt lat="53.17787937139198" lon="-2.284138679900132">
        <ele>84.4</ele>
      </trkpt>
      <trkpt lat="53.17765580399068" lon="-2.283886956074235">
        <ele>84.6</ele>
      </trkpt>
      <trkpt lat="53.1774202469797" lon="-2.283667931683664">
        <ele>84.9</ele>
      </trkpt>
      <trkpt lat="53.17717233109116" lon="-2.2834909343046155">
        <ele>84.9</ele>
      </trkpt>
      <trkpt lat="53.17691748641498" lon="-2.283343231425064">
        <ele>84.7</ele>
      </trkpt>
      <trkpt lat="53.17666084279477" lon="-2.2832050263212755">
        <ele>84.4</ele>
      </trkpt>
      <trkpt lat="53.17640677228693" lon="-2.2830546143748442">
        <ele>84.1</ele>
      </trkpt>
      <trkpt lat="53.17616232740525" lon="-2.2828644423315554">
        <ele>84.0</ele>
      </trkpt>
      <trkpt lat="53.17590986387659" lon="-2.2827062061835486">
        <ele>84.0</ele>
      </trkpt>
      <trkpt lat="53.17565724157458" lon="-2.2825483594400766">
        <ele>84.2</ele>
      </trkpt>
      <trkpt lat="53.17540909779046" lon="-2.2823719182879914">
        <ele>84.6</ele>
      </trkpt>
      <trkpt lat="53.17517487399759" lon="-2.2821491086512293">
        <ele>85.4</ele>
      </trkpt>
      <trkpt lat="53.1749453535787" lon="-2.281912593413924">
        <ele>86.3</ele>
      </trkpt>
      <trkpt lat="53.17473069468959" lon="-2.281640151570591">
        <ele>86.9</ele>
      </trkpt>
      <trkpt lat="53.17454151315965" lon="-2.2813201248932438">
        <ele>87.3</ele>
      </trkpt>
      <trkpt lat="53.17436530137107" lon="-2.280979442860832">
        <ele>87.6</ele>
      </trkpt>
      <trkpt lat="53.17419876599632" lon="-2.2806254350367396">
        <ele>87.7</ele>
      </trkpt>
      <trkpt lat="53.17405911383852" lon="-2.280240559969836">
        <ele>87.6</ele>
      </trkpt>
      <trkpt lat="53.17391357783897" lon="-2.2798616621113537">
        <ele>87.6</ele>
      </trkpt>
      <trkpt lat="53.17378710852657" lon="-2.279464069513556">
        <ele>88.0</ele>
      </trkpt>
      <trkpt lat="53.173663862450915" lon="-2.279063715895019">
        <ele>88.3</ele>
      </trkpt>
      <trkpt lat="53.17354539981017" lon="-2.278659535234976">
        <ele>88.4</ele>
      </trkpt>
      <trkpt lat="53.173433000065714" lon="-2.2782503973890185">
        <ele>88.4</ele>
      </trkpt>
      <trkpt lat="53.17332891914892" lon="-2.277835174612013">
        <ele>88.4</ele>
      </trkpt>
      <trkpt lat="53.173211875254275" lon="-2.2774296666763925">
        <ele>88.6</ele>
      </trkpt>
      <trkpt lat="53.17312643537627" lon="-2.277003205239469">
        <ele>89.2</ele>
      </trkpt>
      <trkpt lat="53.17304252047995" lon="-2.276575433296811">
        <ele>89.9</ele>
      </trkpt>
      <trkpt lat="53.17295798224555" lon="-2.2761480205714686">
        <ele>90.7</ele>
      </trkpt>
      <trkpt lat="53.17287542803892" lon="-2.2757195170189006">
        <ele>91.4</ele>
      </trkpt>
      <trkpt lat="53.17279426144458" lon="-2.2752902871023353">
        <ele>91.8</ele>
      </trkpt>
      <trkpt lat="53.17271907611885" lon="-2.2748583062682077">
        <ele>92.0</ele>
      </trkpt>
      <trkpt lat="53.17265229027195" lon="-2.274422301292374">
        <ele>92.1</ele>
      </trkpt>
      <trkpt lat="53.172584879725996" lon="-2.2739865586157233">
        <ele>92.1</ele>
      </trkpt>
      <trkpt lat="53.1725189703509" lon="-2.2735501144173065">
        <ele>92.2</ele>
      </trkpt>
      <trkpt lat="53.172456827367135" lon="-2.2731121185853547">
        <ele>92.2</ele>
      </trkpt>
      <trkpt lat="53.172396693061344" lon="-2.2726733449624765">
        <ele>92.2</ele>
      </trkpt>
      <trkpt lat="53.17234935863998" lon="-2.2722305839271235">
        <ele>92.2</ele>
      </trkpt>
      <trkpt lat="53.17230237738068" lon="-2.2717873966491915">
        <ele>92.2</ele>
      </trkpt>
      <trkpt lat="53.17226823300845" lon="-2.2713410989475054">
        <ele>92.3</ele>
      </trkpt>
      <trkpt lat="53.172227030324635" lon="-2.2708963774162436">
        <ele>92.4</ele>
      </trkpt>
      <trkpt lat="53.17220596504371" lon="-2.2704478063579447">
        <ele>92.4</ele>
      </trkpt>
      <trkpt lat="53.172201366680696" lon="-2.2699978378570855">
        <ele>92.4</ele>
      </trkpt>
      <trkpt lat="53.172204032562895" lon="-2.269547943532095">
        <ele>92.4</ele>
      </trkpt>
      <trkpt lat="53.17222588928105" lon="-2.2690994092043733">
        <ele>92.3</ele>
      </trkpt>
      <trkpt lat="53.172259418872265" lon="-2.268652849636414">
        <ele>92.2</ele>
      </trkpt>
      <trkpt lat="53.17231457161951" lon="-2.2682125484314315">
        <ele>92.1</ele>
      </trkpt>
      <trkpt lat="53.17237623475279" lon="-2.2677743601738127">
        <ele>91.9</ele>
      </trkpt>
      <trkpt lat="53.172441139642636" lon="-2.267337850389229">
        <ele>91.5</ele>
      </trkpt>
      <trkpt lat="53.172505497889446" lon="-2.266900917845118">
        <ele>91.1</ele>
      </trkpt>
      <trkpt lat="53.17254429965894" lon="-2.266455761710646">
        <ele>90.6</ele>
      </trkpt>
      <trkpt lat="53.172565358609575" lon="-2.2660072157760935">
        <ele>90.3</ele>
      </trkpt>
      <trkpt lat="53.17254491538393" lon="-2.2655585950613077">
        <ele>90.1</ele>
      </trkpt>
      <trkpt lat="53.17251565025244" lon="-2.2651111499084697">
        <ele>90.0</ele>
      </trkpt>
      <trkpt lat="53.1724780123898" lon="-2.2646656784774497">
        <ele>90.0</ele>
      </trkpt>
      <trkpt lat="53.17242261031885" lon="-2.2642252640585854">
        <ele>90.0</ele>
      </trkpt>
      <trkpt lat="53.17235340762889" lon="-2.2637904808908615">
        <ele>89.9</ele>
      </trkpt>
      <trkpt lat="53.17225745362529" lon="-2.2633700346814516">
        <ele>89.6</ele>
      </trkpt>
      <trkpt lat="53.17212675102441" lon="-2.2629771076266514">
        <ele>89.1</ele>
      </trkpt>
      <trkpt lat="53.171969398992424" lon="-2.262611655298817">
        <ele>88.7</ele>
      </trkpt>
      <trkpt lat="53.17180222143814" lon="-2.262258523329404">
        <ele>88.5</ele>
      </trkpt>
      <trkpt lat="53.17162131316986" lon="-2.261924664155205">
        <ele>88.3</ele>
      </trkpt>
      <trkpt lat="53.171447044926744" lon="-2.261581087695088">
        <ele>88.1</ele>
      </trkpt>
      <trkpt lat="53.17128829086168" lon="-2.2612174036279202">
        <ele>88.0</ele>
      </trkpt>
      <trkpt lat="53.171142773869285" lon="-2.260838460379326">
        <ele>87.9</ele>
      </trkpt>
      <trkpt lat="53.17101393414241" lon="-2.260443162053747">
        <ele>87.6</ele>
      </trkpt>
      <trkpt lat="53.17095675445951" lon="-2.2600134570103623">
        <ele>87.3</ele>
      </trkpt>
      <trkpt lat="53.171137998773794" lon="-2.2597172904370173">
        <ele>87.1</ele>
      </trkpt>
      <trkpt lat="53.17140595146287" lon="-2.2596836920209395">
        <ele>86.9</ele>
      </trkpt>
      <trkpt lat="53.17167492614364" lon="-2.259715147043342">
        <ele>86.7</ele>
      </trkpt>
      <trkpt lat="53.17194310764528" lon="-2.259764047471652">
        <ele>86.5</ele>
      </trkpt>
      <trkpt lat="53.17221154345919" lon="-2.25980686049763">
        <ele>86.4</ele>
      </trkpt>
      <trkpt lat="53.17247952278931" lon="-2.2598582154227667">
        <ele>86.5</ele>
      </trkpt>
      <trkpt lat="53.17274774439191" lon="-2.259906506526171">
        <ele>86.9</ele>
      </trkpt>
      <trkpt lat="53.17301674243912" lon="-2.2599399413845673">
        <ele>87.5</ele>
      </trkpt>
      <trkpt lat="53.173284967500784" lon="-2.259985654466209">
        <ele>88.2</ele>
      </trkpt>
      <trkpt lat="53.17355466337119" lon="-2.2599960965245356">
        <ele>88.9</ele>
      </trkpt>
      <trkpt lat="53.173824269176905" lon="-2.259988263178726">
        <ele>89.5</ele>
      </trkpt>
      <trkpt lat="53.174092341511674" lon="-2.2599385361829225">
        <ele>90.2</ele>
      </trkpt>
      <trkpt lat="53.17435635566283" lon="-2.259846405294317">
        <ele>90.9</ele>
      </trkpt>
      <trkpt lat="53.17461461860037" lon="-2.2597168792242655">
        <ele>91.6</ele>
      </trkpt>
      <trkpt lat="53.174865121833676" lon="-2.2595501336250954">
        <ele>92.0</ele>
      </trkpt>
      <trkpt lat="53.17510357611725" lon="-2.259339884197786">
        <ele>92.2</ele>
      </trkpt>
      <trkpt lat="53.17532925653838" lon="-2.2590936387463936">
        <ele>92.0</ele>
      </trkpt>
      <trkpt lat="53.17553905794793" lon="-2.2588108463239776">
        <ele>91.6</ele>
      </trkpt>
      <trkpt lat="53.17573392206917" lon="-2.258499825468406">
        <ele>91.3</ele>
      </trkpt>
      <trkpt lat="53.17590859982777" lon="-2.258156914200028">
        <ele>91.0</ele>
      </trkpt>
      <trkpt lat="53.176069441159314" lon="-2.2577959921904704">
        <ele>90.7</ele>
      </trkpt>
      <trkpt lat="53.17620200778468" lon="-2.2574040763447263">
        <ele>90.5</ele>
      </trkpt>
      <trkpt lat="53.17631515417906" lon="-2.2569955568929214">
        <ele>90.3</ele>
      </trkpt>
      <trkpt lat="53.1764136991382" lon="-2.2565766385049573">
        <ele>90.1</ele>
      </trkpt>
      <trkpt lat="53.17648296480327" lon="-2.2561419918796775">
        <ele>89.9</ele>
      </trkpt>
      <trkpt lat="53.17652603660357" lon="-2.2556978950774207">
        <ele>89.6</ele>
      </trkpt>
      <trkpt lat="53.17654034792508" lon="-2.2552485072156916">
        <ele>89.2</ele>
      </trkpt>
      <trkpt lat="53.17652978104134" lon="-2.254799201444913">
        <ele>88.7</ele>
      </trkpt>
      <trkpt lat="53.17649436150542" lon="-2.2543532003392555">
        <ele>88.2</ele>
      </trkpt>
      <trkpt lat="53.176431451937205" lon="-2.253915644115877">
        <ele>87.7</ele>
      </trkpt>
      <trkpt lat="53.176351998304874" lon="-2.253485563896191">
        <ele>87.2</ele>
      </trkpt>
      <trkpt lat="53.17626402389151" lon="-2.2530600453867384">
        <ele>86.7</ele>
      </trkpt>
      <trkpt lat="53.17616500017818" lon="-2.252641505782865">
        <ele>86.3</ele>
      </trkpt>
      <trkpt lat="53.176074255348006" lon="-2.252217600020519">
        <ele>86.1</ele>
      </trkpt>
      <trkpt lat="53.175984156341144" lon="-2.2517933231075253">
        <ele>86.2</ele>
      </trkpt>
      <trkpt lat="53.1759001047148" lon="-2.251365610228279">
        <ele>86.5</ele>
      </trkpt>
      <trkpt lat="53.175829850069164" lon="-2.2509310448093296">
        <ele>87.3</ele>
      </trkpt>
      <trkpt lat="53.17576764890152" lon="-2.250493052732936">
        <ele>88.5</ele>
      </trkpt>
      <trkpt lat="53.17571353885366" lon="-2.2500521932303004">
        <ele>89.8</ele>
      </trkpt>
      <trkpt lat="53.17568004943613" lon="-2.249605545236446">
        <ele>91.0</ele>
      </trkpt>
      <trkpt lat="53.17565388091883" lon="-2.2491575785365234">
        <ele>91.9</ele>
      </trkpt>
      <trkpt lat="53.17563929848153" lon="-2.248708154707937">
        <ele>92.7</ele>
      </trkpt>
      <trkpt lat="53.17563922390249" lon="-2.2482580775666623">
        <ele>93.5</ele>
      </trkpt>
      <trkpt lat="53.175643910361266" lon="-2.2478080224827486">
        <ele>94.2</ele>
      </trkpt>
      <trkpt lat="53.17566032733307" lon="-2.247358837101524">
        <ele>94.8</ele>
      </trkpt>
      <trkpt lat="53.17568506263393" lon="-2.246910609131193">
        <ele>95.3</ele>
      </trkpt>
      <trkpt lat="53.17571628090115" lon="-2.246463497069075">
        <ele>95.6</ele>
      </trkpt>
      <trkpt lat="53.175751897136124" lon="-2.2460173105404095">
        <ele>95.9</ele>
      </trkpt>
      <trkpt lat="53.175784971546264" lon="-2.2455705786441853">
        <ele>96.3</ele>
      </trkpt>
      <trkpt lat="53.17582169635847" lon="-2.245124660045154">
        <ele>96.7</ele>
      </trkpt>
      <trkpt lat="53.175855867650206" lon="-2.244678195555857">
        <ele>96.9</ele>
      </trkpt>
      <trkpt lat="53.17588853106331" lon="-2.2442314017091394">
        <ele>97.1</ele>
      </trkpt>
      <trkpt lat="53.1759200649723" lon="-2.243784393215306">
        <ele>97.4</ele>
      </trkpt>
      <trkpt lat="53.17595201773076" lon="-2.2433374921323836">
        <ele>97.8</ele>
      </trkpt>
      <trkpt lat="53.1759936171585" lon="-2.242893800422338">
        <ele>98.4</ele>
      </trkpt>
      <trkpt lat="53.17612789516556" lon="-2.2425082635479585">
        <ele>99.1</ele>
      </trkpt>
      <trkpt lat="53.17609385392563" lon="-2.242081406714756">
        <ele>99.8</ele>
      </trkpt>
      <trkpt lat="53.17601628450762" lon="-2.241653873425407">
        <ele>100.2</ele>
      </trkpt>
      <trkpt lat="53.17600196453995" lon="-2.241204648058">
        <ele>100.4</ele>
      </trkpt>
      <trkpt lat="53.17600101270429" lon="-2.2407545964916555">
        <ele>100.3</ele>
      </trkpt>
      <trkpt lat="53.176026258931934" lon="-2.2403065407351352">
        <ele>100.1</ele>
      </trkpt>
      <trkpt lat="53.17605858701447" lon="-2.239859648273492">
        <ele>99.5</ele>
      </trkpt>
      <trkpt lat="53.176109332706034" lon="-2.2394177910340574">
        <ele>98.8</ele>
      </trkpt>
      <trkpt lat="53.17617928052067" lon="-2.2389830693836084">
        <ele>97.9</ele>
      </trkpt>
      <trkpt lat="53.17625688124481" lon="-2.2385519906059064">
        <ele>97.1</ele>
      </trkpt>
      <trkpt lat="53.176354954436356" lon="-2.23813282717089">
        <ele>96.3</ele>
      </trkpt>
      <trkpt lat="53.17646815991399" lon="-2.2377242623513554">
        <ele>95.6</ele>
      </trkpt>
      <trkpt lat="53.17659803471907" lon="-2.23732979136913">
        <ele>94.8</ele>
      </trkpt>
      <trkpt lat="53.17674147417041" lon="-2.23694853249567">
        <ele>94.1</ele>
      </trkpt>
      <trkpt lat="53.17689166163183" lon="-2.236574693094738">
        <ele>93.3</ele>
      </trkpt>
      <trkpt lat="53.177046368364685" lon="-2.2362059001109507">
        <ele>92.4</ele>
      </trkpt>
      <trkpt lat="53.17720194114675" lon="-2.235838122598522">
        <ele>91.4</ele>
      </trkpt>
      <trkpt lat="53.17735746186816" lon="-2.2354702815805823">
        <ele>90.3</ele>
      </trkpt>
      <trkpt lat="53.17751478512" lon="-2.2351045818715765">
        <ele>89.1</ele>
      </trkpt>
      <trkpt lat="53.177675512676096" lon="-2.2347430248973787">
        <ele>87.6</ele>
      </trkpt>
      <trkpt lat="53.177834393619655" lon="-2.234379214205728">
        <ele>85.9</ele>
      </trkpt>
      <trkpt lat="53.177990041214464" lon="-2.234011517215532">
        <ele>84.2</ele>
      </trkpt>
      <trkpt lat="53.17814282108787" lon="-2.2336405612582366">
        <ele>82.5</ele>
      </trkpt>
      <trkpt lat="53.17828551235157" lon="-2.233258600676506">
        <ele>80.9</ele>
      </trkpt>
      <trkpt lat="53.178414223938184" lon="-2.232862980968843">
        <ele>79.7</ele>
      </trkpt>
      <trkpt lat="53.178533641130436" lon="-2.232459510287658">
        <ele>79.0</ele>
      </trkpt>
      <trkpt lat="53.17864181503247" lon="-2.232047112692459">
        <ele>78.9</ele>
      </trkpt>
      <trkpt lat="53.17877443683008" lon="-2.2316599139668973">
        <ele>79.1</ele>
      </trkpt>
      <trkpt lat="53.178969856480165" lon="-2.2313544219997565">
        <ele>79.5</ele>
      </trkpt>
      <trkpt lat="53.17899426109461" lon="-2.230925324494165">
        <ele>79.9</ele>
      </trkpt>
      <trkpt lat="53.17895935626304" lon="-2.2304843458124592">
        <ele>80.1</ele>
      </trkpt>
      <trkpt lat="53.17898474918673" lon="-2.2300362160823752">
        <ele>80.3</ele>
      </trkpt>
      <trkpt lat="53.179010196172996" lon="-2.2295881079699393">
        <ele>80.6</ele>
      </trkpt>
      <trkpt lat="53.17904556801894" lon="-2.2291418644200665">
        <ele>80.9</ele>
      </trkpt>
      <trkpt lat="53.179097337420004" lon="-2.228700297443503">
        <ele>81.5</ele>
      </trkpt>
      <trkpt lat="53.17915379348023" lon="-2.228260135575937">
        <ele>82.2</ele>
      </trkpt>
      <trkpt lat="53.17921306350104" lon="-2.227820979997486">
        <ele>83.4</ele>
      </trkpt>
      <trkpt lat="53.179282732241866" lon="-2.227386093974186">
        <ele>85.0</ele>
      </trkpt>
      <trkpt lat="53.17935705402015" lon="-2.2269533977775824">
        <ele>86.8</ele>
      </trkpt>
      <trkpt lat="53.179435541500055" lon="-2.2265227752958547">
        <ele>88.5</ele>
      </trkpt>
      <trkpt lat="53.17951859260758" lon="-2.226094765606869">
        <ele>90.0</ele>
      </trkpt>
      <trkpt lat="53.179613412211296" lon="-2.2256733754462195">
        <ele>91.1</ele>
      </trkpt>
      <trkpt lat="53.17971979242452" lon="-2.2252599890429314">
        <ele>92.1</ele>
      </trkpt>
      <trkpt lat="53.17982532959388" lon="-2.2248457358427216">
        <ele>93.0</ele>
      </trkpt>
      <trkpt lat="53.179939542432464" lon="-2.224437984057378">
        <ele>93.9</ele>
      </trkpt>
      <trkpt lat="53.18005713869041" lon="-2.224032876102797">
        <ele>94.8</ele>
      </trkpt>
      <trkpt lat="53.180176081875665" lon="-2.2236291057695916">
        <ele>95.5</ele>
      </trkpt>
      <trkpt lat="53.180306108200256" lon="-2.2232347761117857">
        <ele>96.3</ele>
      </trkpt>
      <trkpt lat="53.18043937371895" lon="-2.2228436124850663">
        <ele>96.9</ele>
      </trkpt>
      <trkpt lat="53.180581700353386" lon="-2.2224612043832854">
        <ele>97.3</ele>
      </trkpt>
      <trkpt lat="53.1807224122439" lon="-2.222077241847553">
        <ele>97.6</ele>
      </trkpt>
      <trkpt lat="53.18087128310111" lon="-2.2217018790855607">
        <ele>98.0</ele>
      </trkpt>
      <trkpt lat="53.181020370147245" lon="-2.221326677455986">
        <ele>98.3</ele>
      </trkpt>
      <trkpt lat="53.181167348278116" lon="-2.220949248930516">
        <ele>98.7</ele>
      </trkpt>
      <trkpt lat="53.181312188138264" lon="-2.2205694303796926">
        <ele>99.0</ele>
      </trkpt>
      <trkpt lat="53.181448411139144" lon="-2.2201808766146507">
        <ele>99.4</ele>
      </trkpt>
      <trkpt lat="53.18158368827601" lon="-2.219791393751436">
        <ele>99.9</ele>
      </trkpt>
      <trkpt lat="53.18171255790551" lon="-2.219396053974276">
        <ele>100.5</ele>
      </trkpt>
      <trkpt lat="53.1818397039963" lon="-2.2189989828980115">
        <ele>101.1</ele>
      </trkpt>
      <trkpt lat="53.18196220857736" lon="-2.2185979224117376">
        <ele>101.7</ele>
      </trkpt>
      <trkpt lat="53.18208002493469" lon="-2.2181929822789277">
        <ele>102.5</ele>
      </trkpt>
      <trkpt lat="53.18219412501358" lon="-2.217785057950141">
        <ele>103.5</ele>
      </trkpt>
      <trkpt lat="53.182303147281516" lon="-2.2173733187102354">
        <ele>104.7</ele>
      </trkpt>
      <trkpt lat="53.18240817739539" lon="-2.2169587431871856">
        <ele>106.2</ele>
      </trkpt>
      <trkpt lat="53.18250298520046" lon="-2.216537410233884">
        <ele>107.8</ele>
      </trkpt>
      <trkpt lat="53.182588971105275" lon="-2.2161107697687212">
        <ele>109.6</ele>
      </trkpt>
      <trkpt lat="53.18266742740323" lon="-2.2156801697610087">
        <ele>111.3</ele>
      </trkpt>
      <trkpt lat="53.18274319079268" lon="-2.2152482309881596">
        <ele>112.9</ele>
      </trkpt>
      <trkpt lat="53.18280764633754" lon="-2.214811095310809">
        <ele>114.0</ele>
      </trkpt>
      <trkpt lat="53.182863050764986" lon="-2.2143705215621736">
        <ele>115.1</ele>
      </trkpt>
      <trkpt lat="53.18291325002897" lon="-2.213928272419238">
        <ele>116.3</ele>
      </trkpt>
      <trkpt lat="53.182952892635925" lon="-2.2134830473527263">
        <ele>117.3</ele>
      </trkpt>
      <trkpt lat="53.18299121608632" lon="-2.213037465346562">
        <ele>118.1</ele>
      </trkpt>
      <trkpt lat="53.18302368998194" lon="-2.2125905529441203">
        <ele>118.9</ele>
      </trkpt>
      <trkpt lat="53.18304169632985" lon="-2.212141450111698">
        <ele>119.5</ele>
      </trkpt>
      <trkpt lat="53.18306514389451" lon="-2.211696357974793">
        <ele>120.1</ele>
      </trkpt>
      <trkpt lat="53.183290280404044" lon="-2.211484248071146">
        <ele>120.7</ele>
      </trkpt>
      <trkpt lat="53.18355525335925" lon="-2.211553107697925">
        <ele>121.0</ele>
      </trkpt>
      <trkpt lat="53.18381186581635" lon="-2.2116916857905085">
        <ele>120.9</ele>
      </trkpt>
      <trkpt lat="53.18405966817253" lon="-2.2118691964865396">
        <ele>120.4</ele>
      </trkpt>
      <trkpt lat="53.18429513633554" lon="-2.2120885224522358">
        <ele>119.7</ele>
      </trkpt>
      <trkpt lat="53.18452080068682" lon="-2.212334640786484">
        <ele>118.9</ele>
      </trkpt>
      <trkpt lat="53.18473894638846" lon="-2.2125992850380816">
        <ele>118.6</ele>
      </trkpt>
      <trkpt lat="53.18496436319399" lon="-2.21284644963423">
        <ele>118.7</ele>
      </trkpt>
      <trkpt lat="53.18518900684141" lon="-2.213095753293098">
        <ele>118.5</ele>
      </trkpt>
      <trkpt lat="53.185413409733755" lon="-2.2133452714510735">
        <ele>117.8</ele>
      </trkpt>
      <trkpt lat="53.18564234996825" lon="-2.213583236930875">
        <ele>116.7</ele>
      </trkpt>
      <trkpt lat="53.18586748786578" lon="-2.2138313383955217">
        <ele>115.5</ele>
      </trkpt>
      <trkpt lat="53.18609571998481" lon="-2.2140713226954287">
        <ele>114.4</ele>
      </trkpt>
      <trkpt lat="53.1863147206265" lon="-2.2143342800753065">
        <ele>113.3</ele>
      </trkpt>
      <trkpt lat="53.186529511201535" lon="-2.2146066819337307">
        <ele>112.1</ele>
      </trkpt>
      <trkpt lat="53.186745958499614" lon="-2.214875319526736">
        <ele>111.1</ele>
      </trkpt>
      <trkpt lat="53.18697229833206" lon="-2.215119807413991">
        <ele>110.5</ele>
      </trkpt>
      <trkpt lat="53.18722043724819" lon="-2.2152929611040344">
        <ele>110.3</ele>
      </trkpt>
      <trkpt lat="53.18748414616364" lon="-2.2153851212059283">
        <ele>110.5</ele>
      </trkpt>
      <trkpt lat="53.18775121210149" lon="-2.2154489535700956">
        <ele>111.2</ele>
      </trkpt>
      <trkpt lat="53.188018099873226" lon="-2.2155148680538055">
        <ele>112.2</ele>
      </trkpt>
      <trkpt lat="53.18828511040974" lon="-2.215578944045846">
        <ele>113.2</ele>
      </trkpt>
      <trkpt lat="53.18855350931645" lon="-2.215624654062291">
        <ele>113.8</ele>
      </trkpt>
      <trkpt lat="53.18882191897273" lon="-2.2156691035955047">
        <ele>114.0</ele>
      </trkpt>
      <trkpt lat="53.18908931373867" lon="-2.215728783033207">
        <ele>113.9</ele>
      </trkpt>
      <trkpt lat="53.1893530605805" lon="-2.215823057353087">
        <ele>113.5</ele>
      </trkpt>
      <trkpt lat="53.18961515272759" lon="-2.2159295753725905">
        <ele>113.3</ele>
      </trkpt>
      <trkpt lat="53.18987475748106" lon="-2.216051999370546">
        <ele>113.2</ele>
      </trkpt>
      <trkpt lat="53.19012415977911" lon="-2.2162225017618424">
        <ele>113.2</ele>
      </trkpt>
      <trkpt lat="53.19035469682819" lon="-2.2164544747670027">
        <ele>113.1</ele>
      </trkpt>
      <trkpt lat="53.19057149329962" lon="-2.2167214647052527">
        <ele>113.0</ele>
      </trkpt>
      <trkpt lat="53.19077142382986" lon="-2.2170236964918613">
        <ele>113.1</ele>
      </trkpt>
      <trkpt lat="53.19096858816195" lon="-2.217331019672621">
        <ele>113.2</ele>
      </trkpt>
      <trkpt lat="53.19115490192222" lon="-2.2176566930752477">
        <ele>113.0</ele>
      </trkpt>
      <trkpt lat="53.19134190391277" lon="-2.217981266654805">
        <ele>112.8</ele>
      </trkpt>
      <trkpt lat="53.19153142760379" lon="-2.218301650609229">
        <ele>112.5</ele>
      </trkpt>
      <trkpt lat="53.191733960747776" lon="-2.2185988848132214">
        <ele>112.2</ele>
      </trkpt>
      <trkpt lat="53.19195593633909" lon="-2.218854516926477">
        <ele>112.0</ele>
      </trkpt>
      <trkpt lat="53.19219054175787" lon="-2.2190762747373416">
        <ele>112.2</ele>
      </trkpt>
      <trkpt lat="53.19243573711042" lon="-2.2192637533068758">
        <ele>112.6</ele>
      </trkpt>
      <trkpt lat="53.19268724132544" lon="-2.2194266484461473">
        <ele>112.7</ele>
      </trkpt>
      <trkpt lat="53.19294276547138" lon="-2.2195710488626883">
        <ele>112.6</ele>
      </trkpt>
      <trkpt lat="53.193199990712294" lon="-2.219706814457387">
        <ele>112.4</ele>
      </trkpt>
      <trkpt lat="53.193461032822235" lon="-2.2198204935625556">
        <ele>112.3</ele>
      </trkpt>
      <trkpt lat="53.19372116026616" lon="-2.219939890289469">
        <ele>112.2</ele>
      </trkpt>
      <trkpt lat="53.19397653224406" lon="-2.220084594631609">
        <ele>112.1</ele>
      </trkpt>
      <trkpt lat="53.194219775123656" lon="-2.220278993098375">
        <ele>112.1</ele>
      </trkpt>
      <trkpt lat="53.194445592688865" lon="-2.220524273384049">
        <ele>112.1</ele>
      </trkpt>
      <trkpt lat="53.1946568844057" lon="-2.220804201553494">
        <ele>112.2</ele>
      </trkpt>
      <trkpt lat="53.194864722064466" lon="-2.22109125746994">
        <ele>112.6</ele>
      </trkpt>
      <trkpt lat="53.19508254160065" lon="-2.2213565323936377">
        <ele>113.0</ele>
      </trkpt>
      <trkpt lat="53.19532537794687" lon="-2.2215506403205687">
        <ele>113.5</ele>
      </trkpt>
      <trkpt lat="53.19558242133708" lon="-2.221686278729702">
        <ele>114.0</ele>
      </trkpt>
      <trkpt lat="53.19584006435349" lon="-2.2218198376182214">
        <ele>114.5</ele>
      </trkpt>
      <trkpt lat="53.196100714403016" lon="-2.2219348997238337">
        <ele>115.0</ele>
      </trkpt>
      <trkpt lat="53.19635550188053" lon="-2.22208260101276">
        <ele>115.4</ele>
      </trkpt>
      <trkpt lat="53.19661251857385" lon="-2.2222193690664707">
        <ele>115.4</ele>
      </trkpt>
      <trkpt lat="53.19686981094693" lon="-2.222354774068844">
        <ele>114.9</ele>
      </trkpt>
      <trkpt lat="53.19712663916173" lon="-2.2224925802430153">
        <ele>114.4</ele>
      </trkpt>
      <trkpt lat="53.19738186136363" lon="-2.2226381919034828">
        <ele>114.1</ele>
      </trkpt>
      <trkpt lat="53.19762986670018" lon="-2.222814845710072">
        <ele>113.7</ele>
      </trkpt>
      <trkpt lat="53.19787094145886" lon="-2.223016948726283">
        <ele>113.3</ele>
      </trkpt>
      <trkpt lat="53.198105522997224" lon="-2.22323919010943">
        <ele>112.8</ele>
      </trkpt>
      <trkpt lat="53.19834043260082" lon="-2.2234605590225085">
        <ele>112.3</ele>
      </trkpt>
      <trkpt lat="53.198579908880504" lon="-2.2236679597838824">
        <ele>111.8</ele>
      </trkpt>
      <trkpt lat="53.19882037191237" lon="-2.2238720644336922">
        <ele>111.5</ele>
      </trkpt>
      <trkpt lat="53.19906592983424" lon="-2.2240585183276016">
        <ele>111.1</ele>
      </trkpt>
      <trkpt lat="53.19931303780935" lon="-2.224238992666814">
        <ele>110.7</ele>
      </trkpt>
      <trkpt lat="53.19956397402066" lon="-2.224404395590205">
        <ele>110.2</ele>
      </trkpt>
      <trkpt lat="53.19981849135155" lon="-2.224553603451373">
        <ele>109.8</ele>
      </trkpt>
      <trkpt lat="53.200076262707036" lon="-2.224686104962518">
        <ele>109.3</ele>
      </trkpt>
      <trkpt lat="53.20033999430349" lon="-2.2247794496094935">
        <ele>108.8</ele>
      </trkpt>
      <trkpt lat="53.200608750864525" lon="-2.2248154105289712">
        <ele>108.2</ele>
      </trkpt>
      <trkpt lat="53.20087833083752" lon="-2.2248329997955003">
        <ele>107.5</ele>
      </trkpt>
      <trkpt lat="53.201148098809924" lon="-2.22483158550656">
        <ele>106.8</ele>
      </trkpt>
      <trkpt lat="53.20141783058649" lon="-2.2248260469630607">
        <ele>106.1</ele>
      </trkpt>
      <trkpt lat="53.20168761110267" lon="-2.2248270285730287">
        <ele>105.3</ele>
      </trkpt>
      <trkpt lat="53.20195707656714" lon="-2.2248488131297823">
        <ele>104.2</ele>
      </trkpt>
      <trkpt lat="53.20222640337455" lon="-2.224875285272957">
        <ele>103.1</ele>
      </trkpt>
      <trkpt lat="53.20249545155207" lon="-2.2249082554011124">
        <ele>102.0</ele>
      </trkpt>
      <trkpt lat="53.202763939548035" lon="-2.2249525076603343">
        <ele>100.9</ele>
      </trkpt>
      <trkpt lat="53.203032605664994" lon="-2.2249936292097336">
        <ele>99.9</ele>
      </trkpt>
      <trkpt lat="53.20330085963885" lon="-2.22504164632304">
        <ele>99.2</ele>
      </trkpt>
      <trkpt lat="53.20356931222412" lon="-2.225086290426132">
        <ele>98.7</ele>
      </trkpt>
      <trkpt lat="53.20383720466349" lon="-2.2251392982281057">
        <ele>98.5</ele>
      </trkpt>
      <trkpt lat="53.20410653560647" lon="-2.2251633920198377">
        <ele>98.6</ele>
      </trkpt>
      <trkpt lat="53.20437496325879" lon="-2.2252062768617313">
        <ele>98.8</ele>
      </trkpt>
      <trkpt lat="53.20464148220204" lon="-2.225276275165896">
        <ele>98.9</ele>
      </trkpt>
      <trkpt lat="53.20490942675004" lon="-2.2253278017891773">
        <ele>98.8</ele>
      </trkpt>
      <trkpt lat="53.20517755930748" lon="-2.2253774115545157">
        <ele>98.6</ele>
      </trkpt>
      <trkpt lat="53.20544477646094" lon="-2.2254387574876735">
        <ele>98.4</ele>
      </trkpt>
      <trkpt lat="53.205713290876574" lon="-2.2254825731167274">
        <ele>98.0</ele>
      </trkpt>
      <trkpt lat="53.20598234171517" lon="-2.225514379558608">
        <ele>97.4</ele>
      </trkpt>
      <trkpt lat="53.20625148498264" lon="-2.225544338711057">
        <ele>96.6</ele>
      </trkpt>
      <trkpt lat="53.20651987825747" lon="-2.225589189821014">
        <ele>96.1</ele>
      </trkpt>
      <trkpt lat="53.206787795064265" lon="-2.2256416176573035">
        <ele>96.2</ele>
      </trkpt>
      <trkpt lat="53.20705456054247" lon="-2.225706791034241">
        <ele>97.2</ele>
      </trkpt>
      <trkpt lat="53.2073221366502" lon="-2.2257641740858163">
        <ele>99.0</ele>
      </trkpt>
      <trkpt lat="53.20759057322302" lon="-2.2258089374274723">
        <ele>101.4</ele>
      </trkpt>
      <trkpt lat="53.20785838915855" lon="-2.2258619141721225">
        <ele>103.7</ele>
      </trkpt>
      <trkpt lat="53.20812667165981" lon="-2.225907379883572">
        <ele>105.4</ele>
      </trkpt>
      <trkpt lat="53.20839444122084" lon="-2.2259583243785195">
        <ele>106.5</ele>
      </trkpt>
      <trkpt lat="53.20866216867807" lon="-2.226012585329488">
        <ele>107.2</ele>
      </trkpt>
      <trkpt lat="53.20893116358037" lon="-2.226046386550776">
        <ele>107.6</ele>
      </trkpt>
      <trkpt lat="53.20920045437986" lon="-2.2260444128395207">
        <ele>107.8</ele>
      </trkpt>
      <trkpt lat="53.20946777234882" lon="-2.225990001082893">
        <ele>108.1</ele>
      </trkpt>
      <trkpt lat="53.20973050313327" lon="-2.225887704986459">
        <ele>108.2</ele>
      </trkpt>
      <trkpt lat="53.20999677578661" lon="-2.225825128884613">
        <ele>108.4</ele>
      </trkpt>
      <trkpt lat="53.21026641195351" lon="-2.225836340140032">
        <ele>108.6</ele>
      </trkpt>
      <trkpt lat="53.21053608922349" lon="-2.2258492451185052">
        <ele>108.7</ele>
      </trkpt>
      <trkpt lat="53.2108053411911" lon="-2.2258766218021995">
        <ele>108.6</ele>
      </trkpt>
      <trkpt lat="53.211072648529026" lon="-2.225936285012625">
        <ele>108.1</ele>
      </trkpt>
      <trkpt lat="53.21131942062476" lon="-2.226106508025368">
        <ele>107.2</ele>
      </trkpt>
      <trkpt lat="53.21151467581175" lon="-2.2264164808490556">
        <ele>106.3</ele>
      </trkpt>
      <trkpt lat="53.21169682181443" lon="-2.226748717744522">
        <ele>105.4</ele>
      </trkpt>
      <trkpt lat="53.21187702092774" lon="-2.227084010652512">
        <ele>104.7</ele>
      </trkpt>
      <trkpt lat="53.21206382283473" lon="-2.2274089034301947">
        <ele>104.3</ele>
      </trkpt>
      <trkpt lat="53.212249965731715" lon="-2.227734944690418">
        <ele>104.0</ele>
      </trkpt>
      <trkpt lat="53.2124329779116" lon="-2.228065905996286">
        <ele>103.6</ele>
      </trkpt>
      <trkpt lat="53.212625243587134" lon="-2.2283812266384957">
        <ele>103.3</ele>
      </trkpt>
      <trkpt lat="53.212847354480154" lon="-2.2286364047198997">
        <ele>103.0</ele>
      </trkpt>
      <trkpt lat="53.21309110474575" lon="-2.228827330505294">
        <ele>103.0</ele>
      </trkpt>
      <trkpt lat="53.21334357807976" lon="-2.228986150508756">
        <ele>103.2</ele>
      </trkpt>
      <trkpt lat="53.21359675696884" lon="-2.2291418065487236">
        <ele>103.4</ele>
      </trkpt>
      <trkpt lat="53.213853718685385" lon="-2.229278922010971">
        <ele>103.7</ele>
      </trkpt>
      <trkpt lat="53.21411028517673" lon="-2.229417839187249">
        <ele>104.4</ele>
      </trkpt>
      <trkpt lat="53.21436368501754" lon="-2.2295717890494675">
        <ele>105.4</ele>
      </trkpt>
      <trkpt lat="53.21460119260673" lon="-2.2297850041397598">
        <ele>106.2</ele>
      </trkpt>
      <trkpt lat="53.21483529227072" lon="-2.2300089658713405">
        <ele>106.5</ele>
      </trkpt>
      <trkpt lat="53.21507009092298" lon="-2.2302308857269715">
        <ele>106.2</ele>
      </trkpt>
      <trkpt lat="53.21529535243401" lon="-2.23047843236617">
        <ele>105.6</ele>
      </trkpt>
      <trkpt lat="53.215494580059534" lon="-2.230780958402863">
        <ele>104.8</ele>
      </trkpt>
      <trkpt lat="53.21566646888316" lon="-2.2311279515036513">
        <ele>103.9</ele>
      </trkpt>
      <trkpt lat="53.21581610446581" lon="-2.2315027150148263">
        <ele>103.0</ele>
      </trkpt>
      <trkpt lat="53.21595537466175" lon="-2.23188858618878">
        <ele>102.6</ele>
      </trkpt>
      <trkpt lat="53.21608149087098" lon="-2.232286637864715">
        <ele>102.6</ele>
      </trkpt>
      <trkpt lat="53.21622492393899" lon="-2.2326678736463057">
        <ele>102.8</ele>
      </trkpt>
      <trkpt lat="53.216387345097424" lon="-2.2330273535941005">
        <ele>102.9</ele>
      </trkpt>
      <trkpt lat="53.216569700552654" lon="-2.2333592849798856">
        <ele>102.7</ele>
      </trkpt>
      <trkpt lat="53.216760855912156" lon="-2.233677156747492">
        <ele>102.5</ele>
      </trkpt>
      <trkpt lat="53.216940663242724" lon="-2.234012884720988">
        <ele>102.5</ele>
      </trkpt>
      <trkpt lat="53.21710452104752" lon="-2.234370648779516">
        <ele>102.7</ele>
      </trkpt>
      <trkpt lat="53.21728326677634" lon="-2.2347073007676506">
        <ele>102.7</ele>
      </trkpt>
      <trkpt lat="53.21749018678898" lon="-2.2349960936586193">
        <ele>102.3</ele>
      </trkpt>
      <trkpt lat="53.21771022893338" lon="-2.235256722749229">
        <ele>101.4</ele>
      </trkpt>
      <trkpt lat="53.21793142400062" lon="-2.235514659975945">
        <ele>100.4</ele>
      </trkpt>
      <trkpt lat="53.218159687374246" lon="-2.235753566853125">
        <ele>99.7</ele>
      </trkpt>
      <trkpt lat="53.218404827741814" lon="-2.235941248752383">
        <ele>99.3</ele>
      </trkpt>
      <trkpt lat="53.2186647412494" lon="-2.236058601171663">
        <ele>99.2</ele>
      </trkpt>
      <trkpt lat="53.21893410040493" lon="-2.236079321827745">
        <ele>99.6</ele>
      </trkpt>
      <trkpt lat="53.219203160930796" lon="-2.2361116431649113">
        <ele>99.8</ele>
      </trkpt>
      <trkpt lat="53.219472405022856" lon="-2.2361398353818336">
        <ele>99.6</ele>
      </trkpt>
      <trkpt lat="53.2197382809141" lon="-2.236212621841473">
        <ele>98.6</ele>
      </trkpt>
      <trkpt lat="53.21999455479407" lon="-2.2363524804527017">
        <ele>97.3</ele>
      </trkpt>
      <trkpt lat="53.220250259167635" lon="-2.236496097894155">
        <ele>96.0</ele>
      </trkpt>
      <trkpt lat="53.22050793599433" lon="-2.2366295837775008">
        <ele>95.1</ele>
      </trkpt>
      <trkpt lat="53.22077100643719" lon="-2.2367283196965526">
        <ele>94.2</ele>
      </trkpt>
      <trkpt lat="53.221038675049996" lon="-2.236782149936961">
        <ele>93.5</ele>
      </trkpt>
      <trkpt lat="53.221307993622816" lon="-2.23678626419353">
        <ele>92.8</ele>
      </trkpt>
      <trkpt lat="53.22157704557237" lon="-2.2367529902861016">
        <ele>92.5</ele>
      </trkpt>
      <trkpt lat="53.22184562164575" lon="-2.2367103144109">
        <ele>92.9</ele>
      </trkpt>
      <trkpt lat="53.222113789493406" lon="-2.2366612113958073">
        <ele>93.7</ele>
      </trkpt>
      <trkpt lat="53.22238189570825" lon="-2.23661160217591">
        <ele>94.8</ele>
      </trkpt>
      <trkpt lat="53.222650172627034" lon="-2.236564212028413">
        <ele>96.1</ele>
      </trkpt>
      <trkpt lat="53.22291881762881" lon="-2.2365230154401368">
        <ele>97.5</ele>
      </trkpt>
      <trkpt lat="53.22318640948361" lon="-2.2364671255519464">
        <ele>98.7</ele>
      </trkpt>
      <trkpt lat="53.22345074931009" lon="-2.2363771716097243">
        <ele>99.5</ele>
      </trkpt>
      <trkpt lat="53.22371170159822" lon="-2.2362629068101">
        <ele>100.2</ele>
      </trkpt>
      <trkpt lat="53.22397219416861" lon="-2.236146408484413">
        <ele>100.6</ele>
      </trkpt>
      <trkpt lat="53.22423412461929" lon="-2.236038768112772">
        <ele>100.9</ele>
      </trkpt>
      <trkpt lat="53.22449745752265" lon="-2.2359414215547275">
        <ele>101.4</ele>
      </trkpt>
      <trkpt lat="53.224759901353075" lon="-2.2358384560640125">
        <ele>102.3</ele>
      </trkpt>
      <trkpt lat="53.22502089792636" lon="-2.2357250108262288">
        <ele>103.7</ele>
      </trkpt>
      <trkpt lat="53.22528355464244" lon="-2.235622173899384">
        <ele>105.5</ele>
      </trkpt>
      <trkpt lat="53.22554170703585" lon="-2.235491825821343">
        <ele>107.2</ele>
      </trkpt>
      <trkpt lat="53.225801416094924" lon="-2.235370836976483">
        <ele>108.6</ele>
      </trkpt>
      <trkpt lat="53.22606081179246" lon="-2.2352471536035194">
        <ele>109.7</ele>
      </trkpt>
      <trkpt lat="53.22632191566341" lon="-2.235134948787198">
        <ele>110.7</ele>
      </trkpt>
      <trkpt lat="53.22658400268473" lon="-2.235028049736126">
        <ele>111.7</ele>
      </trkpt>
      <trkpt lat="53.226841144644666" lon="-2.234892512958866">
        <ele>112.4</ele>
      </trkpt>
      <trkpt lat="53.22710271595889" lon="-2.2347834104875957">
        <ele>112.8</ele>
      </trkpt>
      <trkpt lat="53.22736609138106" lon="-2.234686851908956">
        <ele>113.0</ele>
      </trkpt>
      <trkpt lat="53.227633101192716" lon="-2.2346240213777775">
        <ele>113.0</ele>
      </trkpt>
      <trkpt lat="53.22790188823409" lon="-2.2345857541180676">
        <ele>112.6</ele>
      </trkpt>
      <trkpt lat="53.22817155891336" lon="-2.234581763092237">
        <ele>111.9</ele>
      </trkpt>
      <trkpt lat="53.22844118723183" lon="-2.2345966984244208">
        <ele>111.3</ele>
      </trkpt>
      <trkpt lat="53.22871008996872" lon="-2.2346327282418446">
        <ele>111.2</ele>
      </trkpt>
      <trkpt lat="53.22897773027262" lon="-2.2346889963398726">
        <ele>111.5</ele>
      </trkpt>
      <trkpt lat="53.229240179466004" lon="-2.2347914656930725">
        <ele>111.7</ele>
      </trkpt>
      <trkpt lat="53.229499019431216" lon="-2.2349182355227897">
        <ele>112.2</ele>
      </trkpt>
      <trkpt lat="53.22975635829708" lon="-2.2350532205125955">
        <ele>112.8</ele>
      </trkpt>
      <trkpt lat="53.23001588876819" lon="-2.2351757428275">
        <ele>113.0</ele>
      </trkpt>
      <trkpt lat="53.23027530100158" lon="-2.2352993814952384">
        <ele>112.6</ele>
      </trkpt>
      <trkpt lat="53.23053536722484" lon="-2.2354183872789934">
        <ele>111.7</ele>
      </trkpt>
      <trkpt lat="53.230800855879835" lon="-2.235498099623191">
        <ele>110.6</ele>
      </trkpt>
      <trkpt lat="53.23106833427641" lon="-2.2355562525925876">
        <ele>109.1</ele>
      </trkpt>
      <trkpt lat="53.23133780526442" lon="-2.235574415485149">
        <ele>107.4</ele>
      </trkpt>
      <trkpt lat="53.23160755291873" lon="-2.2355813914285836">
        <ele>105.5</ele>
      </trkpt>
      <trkpt lat="53.23187732288728" lon="-2.2355772659742574">
        <ele>103.5</ele>
      </trkpt>
      <trkpt lat="53.23214670272152" lon="-2.2355523376947355">
        <ele>101.6</ele>
      </trkpt>
      <trkpt lat="53.23241462190368" lon="-2.2355010900275647">
        <ele>100.0</ele>
      </trkpt>
      <trkpt lat="53.232678286909675" lon="-2.2354065512776526">
        <ele>98.8</ele>
      </trkpt>
      <trkpt lat="53.232939861147074" lon="-2.2352961233985207">
        <ele>97.8</ele>
      </trkpt>
      <trkpt lat="53.23320010444047" lon="-2.2351773687374776">
        <ele>97.0</ele>
      </trkpt>
      <trkpt lat="53.233458992156464" lon="-2.235050528818376">
        <ele>96.5</ele>
      </trkpt>
      <trkpt lat="53.233713983176514" lon="-2.2349039385739533">
        <ele>96.3</ele>
      </trkpt>
      <trkpt lat="53.233964605088424" lon="-2.234737199181343">
        <ele>96.5</ele>
      </trkpt>
      <trkpt lat="53.23421971535452" lon="-2.2345913458794913">
        <ele>97.2</ele>
      </trkpt>
      <trkpt lat="53.23447089548113" lon="-2.2344321667931983">
        <ele>98.3</ele>
      </trkpt>
      <trkpt lat="53.234661114354054" lon="-2.2346662955648453">
        <ele>99.0</ele>
      </trkpt>
      <trkpt lat="53.234637088062534" lon="-2.2351124654717758">
        <ele>98.9</ele>
      </trkpt>
      <trkpt lat="53.23456425000462" lon="-2.2355463703468437">
        <ele>98.4</ele>
      </trkpt>
      <trkpt lat="53.234497812990284" lon="-2.2359831139546675">
        <ele>97.9</ele>
      </trkpt>
      <trkpt lat="53.23446205459435" lon="-2.236429484236696">
        <ele>97.1</ele>
      </trkpt>
      <trkpt lat="53.23442013424425" lon="-2.236874592669499">
        <ele>96.0</ele>
      </trkpt>
      <trkpt lat="53.23436922854039" lon="-2.237317099540067">
        <ele>94.8</ele>
      </trkpt>
      <trkpt lat="53.23436145308566" lon="-2.237765869273467">
        <ele>93.7</ele>
      </trkpt>
      <trkpt lat="53.23444263120733" lon="-2.238191653696643">
        <ele>92.9</ele>
      </trkpt>
      <trkpt lat="53.234577717692616" lon="-2.238581643110302">
        <ele>92.3</ele>
      </trkpt>
      <trkpt lat="53.234668067257594" lon="-2.239001095392995">
        <ele>92.4</ele>
      </trkpt>
      <trkpt lat="53.23460294244261" lon="-2.2394351285317917">
        <ele>93.1</ele>
      </trkpt>
      <trkpt lat="53.23448251517785" lon="-2.2398383013863166">
        <ele>94.1</ele>
      </trkpt>
      <trkpt lat="53.23435184156517" lon="-2.2402324052436073">
        <ele>94.9</ele>
      </trkpt>
      <trkpt lat="53.234234014970234" lon="-2.2406376472135996">
        <ele>95.3</ele>
      </trkpt>
      <trkpt lat="53.23417065979433" lon="-2.241074403436174">
        <ele>95.2</ele>
      </trkpt>
      <trkpt lat="53.23416931593894" lon="-2.2415235728168135">
        <ele>94.7</ele>
      </trkpt>
      <trkpt lat="53.234225975579726" lon="-2.241963708446285">
        <ele>94.1</ele>
      </trkpt>
      <trkpt lat="53.234246367495146" lon="-2.242408171092487">
        <ele>93.6</ele>
      </trkpt>
      <trkpt lat="53.234162372658574" lon="-2.2428350545688773">
        <ele>93.0</ele>
      </trkpt>
      <trkpt lat="53.23405809798562" lon="-2.243250745748001">
        <ele>92.6</ele>
      </trkpt>
      <trkpt lat="53.2339181280656" lon="-2.2436326203269">
        <ele>92.6</ele>
      </trkpt>
      <trkpt lat="53.233688450593384" lon="-2.2438639328199095">
        <ele>92.7</ele>
      </trkpt>
      <trkpt lat="53.233437360680114" lon="-2.244028782662834">
        <ele>92.9</ele>
      </trkpt>
      <trkpt lat="53.23318525690432" lon="-2.244188899729861">
        <ele>93.1</ele>
      </trkpt>
      <trkpt lat="53.232938975254115" lon="-2.2443717676237465">
        <ele>93.2</ele>
      </trkpt>
      <trkpt lat="53.23270268987199" lon="-2.2445887597364185">
        <ele>93.2</ele>
      </trkpt>
      <trkpt lat="53.23248782044223" lon="-2.244860488914798">
        <ele>93.1</ele>
      </trkpt>
      <trkpt lat="53.23228107756033" lon="-2.2451499070479723">
        <ele>93.0</ele>
      </trkpt>
      <trkpt lat="53.2320885853762" lon="-2.245464792529899">
        <ele>92.9</ele>
      </trkpt>
      <trkpt lat="53.23191644602591" lon="-2.245811762992388">
        <ele>92.9</ele>
      </trkpt>
      <trkpt lat="53.231743931604846" lon="-2.2461582476396966">
        <ele>92.9</ele>
      </trkpt>
      <trkpt lat="53.231564872907576" lon="-2.2464947629414085">
        <ele>92.8</ele>
      </trkpt>
      <trkpt lat="53.231377159857736" lon="-2.2468183900372956">
        <ele>92.6</ele>
      </trkpt>
      <trkpt lat="53.23119068301718" lon="-2.247144110080215">
        <ele>92.5</ele>
      </trkpt>
      <trkpt lat="53.230997815619645" lon="-2.247459219027877">
        <ele>92.5</ele>
      </trkpt>
      <trkpt lat="53.23080229248533" lon="-2.247769681093976">
        <ele>92.6</ele>
      </trkpt>
      <trkpt lat="53.230614732706634" lon="-2.2480934232280956">
        <ele>92.7</ele>
      </trkpt>
      <trkpt lat="53.230422736878026" lon="-2.248409893286064">
        <ele>92.7</ele>
      </trkpt>
      <trkpt lat="53.23024858250121" lon="-2.248754045412102">
        <ele>92.5</ele>
      </trkpt>
      <trkpt lat="53.230108766873705" lon="-2.2491383437455625">
        <ele>92.2</ele>
      </trkpt>
      <trkpt lat="53.23000516502664" lon="-2.2495542862485016">
        <ele>92.0</ele>
      </trkpt>
      <trkpt lat="53.22996416903921" lon="-2.2499981188247613">
        <ele>92.0</ele>
      </trkpt>
      <trkpt lat="53.229980976814616" lon="-2.250447412051938">
        <ele>91.9</ele>
      </trkpt>
      <trkpt lat="53.22997157435562" lon="-2.250897153459947">
        <ele>91.8</ele>
      </trkpt>
      <trkpt lat="53.22991843618318" lon="-2.2513376393259423">
        <ele>91.7</ele>
      </trkpt>
      <trkpt lat="53.229816961891025" lon="-2.251755132403643">
        <ele>91.7</ele>
      </trkpt>
      <trkpt lat="53.22972968574874" lon="-2.252181391297417">
        <ele>91.9</ele>
      </trkpt>
      <trkpt lat="53.22965710098107" lon="-2.2526153676114107">
        <ele>92.2</ele>
      </trkpt>
      <trkpt lat="53.22959436651099" lon="-2.253053517034669">
        <ele>92.6</ele>
      </trkpt>
      <trkpt lat="53.22953842646922" lon="-2.2534943706672337">
        <ele>93.1</ele>
      </trkpt>
      <trkpt lat="53.22947577297154" lon="-2.2539326153445423">
        <ele>93.5</ele>
      </trkpt>
      <trkpt lat="53.22937910963908" lon="-2.2543531961170213">
        <ele>93.6</ele>
      </trkpt>
      <trkpt lat="53.22925736322723" lon="-2.2547547347938144">
        <ele>93.7</ele>
      </trkpt>
      <trkpt lat="53.22911158569952" lon="-2.255133959275475">
        <ele>93.9</ele>
      </trkpt>
      <trkpt lat="53.22896366929" lon="-2.255510842120872">
        <ele>94.2</ele>
      </trkpt>
      <trkpt lat="53.22881478856657" lon="-2.255886567447202">
        <ele>94.2</ele>
      </trkpt>
      <trkpt lat="53.2286681845248" lon="-2.256264721217921">
        <ele>93.9</ele>
      </trkpt>
      <trkpt lat="53.22852737610342" lon="-2.2566490323279877">
        <ele>93.7</ele>
      </trkpt>
      <trkpt lat="53.2284150061653" lon="-2.2570584055766068">
        <ele>93.5</ele>
      </trkpt>
      <trkpt lat="53.22833849692757" lon="-2.2574904216377734">
        <ele>93.2</ele>
      </trkpt>
      <trkpt lat="53.22824828508759" lon="-2.2579149182375797">
        <ele>92.8</ele>
      </trkpt>
      <trkpt lat="53.22813783407926" lon="-2.2583257825694565">
        <ele>92.3</ele>
      </trkpt>
      <trkpt lat="53.2279991254274" lon="-2.2587121981602087">
        <ele>91.7</ele>
      </trkpt>
      <trkpt lat="53.22786141247356" lon="-2.2590996538869157">
        <ele>91.0</ele>
      </trkpt>
      <trkpt lat="53.22771166453498" lon="-2.2594743794166097">
        <ele>90.1</ele>
      </trkpt>
      <trkpt lat="53.227557526238414" lon="-2.2598442591536703">
        <ele>89.3</ele>
      </trkpt>
      <trkpt lat="53.22741218683207" lon="-2.260223903972323">
        <ele>88.6</ele>
      </trkpt>
      <trkpt lat="53.22728257269521" lon="-2.260618930467273">
        <ele>88.3</ele>
      </trkpt>
      <trkpt lat="53.22714860692432" lon="-2.2610100481959">
        <ele>88.1</ele>
      </trkpt>
      <trkpt lat="53.22702116767872" lon="-2.261407218642158">
        <ele>87.7</ele>
      </trkpt>
      <trkpt lat="53.226895630268615" lon="-2.261806128897373">
        <ele>87.3</ele>
      </trkpt>
      <trkpt lat="53.22677500970851" lon="-2.2622092540322347">
        <ele>86.9</ele>
      </trkpt>
      <trkpt lat="53.22665387003363" lon="-2.262611942393309">
        <ele>86.5</ele>
      </trkpt>
      <trkpt lat="53.226535133650685" lon="-2.2630165791428363">
        <ele>86.1</ele>
      </trkpt>
      <trkpt lat="53.22641759271032" lon="-2.263422123882031">
        <ele>85.9</ele>
      </trkpt>
      <trkpt lat="53.226323966769" lon="-2.2638445996196657">
        <ele>85.8</ele>
      </trkpt>
      <trkpt lat="53.22625052641256" lon="-2.264278148576843">
        <ele>85.7</ele>
      </trkpt>
      <trkpt lat="53.226181243401285" lon="-2.264713666572088">
        <ele>85.4</ele>
      </trkpt>
      <trkpt lat="53.22608467474054" lon="-2.265133711413598">
        <ele>85.0</ele>
      </trkpt>
      <trkpt lat="53.22594077944537" lon="-2.2655143635357824">
        <ele>84.6</ele>
      </trkpt>
      <trkpt lat="53.22574413902101" lon="-2.265820990604563">
        <ele>84.0</ele>
      </trkpt>
      <trkpt lat="53.22551400086" lon="-2.266054439427306">
        <ele>83.6</ele>
      </trkpt>
      <trkpt lat="53.225264599236176" lon="-2.2662252480881566">
        <ele>83.4</ele>
      </trkpt>
      <trkpt lat="53.225017590244654" lon="-2.26640232820448">
        <ele>83.7</ele>
      </trkpt>
      <trkpt lat="53.22488215157336" lon="-2.2667745362938323">
        <ele>84.1</ele>
      </trkpt>
      <trkpt lat="53.22487442260618" lon="-2.2672234402264424">
        <ele>84.5</ele>
      </trkpt>
      <trkpt lat="53.22487819655247" lon="-2.267673875907094">
        <ele>84.7</ele>
      </trkpt>
      <trkpt lat="53.22489625282852" lon="-2.26812328700599">
        <ele>84.7</ele>
      </trkpt>
      <trkpt lat="53.224960289985546" lon="-2.268560269284155">
        <ele>84.6</ele>
      </trkpt>
      <trkpt lat="53.22504605998992" lon="-2.268987516913514">
        <ele>84.7</ele>
      </trkpt>
      <trkpt lat="53.22510514853546" lon="-2.269426399055504">
        <ele>84.7</ele>
      </trkpt>
      <trkpt lat="53.22510405853645" lon="-2.2698764014153694">
        <ele>84.6</ele>
      </trkpt>
      <trkpt lat="53.22507404180754" lon="-2.270324208329262">
        <ele>84.3</ele>
      </trkpt>
      <trkpt lat="53.225027945963355" lon="-2.2707680312979814">
        <ele>84.0</ele>
      </trkpt>
      <trkpt lat="53.224983378080545" lon="-2.271212374327048">
        <ele>83.5</ele>
      </trkpt>
      <trkpt lat="53.22493585948204" lon="-2.271655859894819">
        <ele>83.3</ele>
      </trkpt>
      <trkpt lat="53.224895077900314" lon="-2.272101318952937">
        <ele>83.2</ele>
      </trkpt>
      <trkpt lat="53.224859591676285" lon="-2.2725480506298315">
        <ele>83.1</ele>
      </trkpt>
      <trkpt lat="53.224817220231984" lon="-2.272992989025327">
        <ele>82.9</ele>
      </trkpt>
      <trkpt lat="53.22475342616142" lon="-2.2734308054905465">
        <ele>82.7</ele>
      </trkpt>
      <trkpt lat="53.22467451708597" lon="-2.2738612269388128">
        <ele>82.5</ele>
      </trkpt>
      <trkpt lat="53.22458460742197" lon="-2.2742859882888498">
        <ele>82.4</ele>
      </trkpt>
      <trkpt lat="53.224500630389514" lon="-2.2747142331421077">
        <ele>82.1</ele>
      </trkpt>
      <trkpt lat="53.224422473991744" lon="-2.2751454224364207">
        <ele>81.7</ele>
      </trkpt>
      <trkpt lat="53.22435607398679" lon="-2.2755822016288243">
        <ele>81.4</ele>
      </trkpt>
      <trkpt lat="53.22428716068075" lon="-2.2760178901414334">
        <ele>81.1</ele>
      </trkpt>
      <trkpt lat="53.224228615581076" lon="-2.276457665320998">
        <ele>80.8</ele>
      </trkpt>
      <trkpt lat="53.224170142549944" lon="-2.2768974346970907">
        <ele>80.4</ele>
      </trkpt>
      <trkpt lat="53.22412419664254" lon="-2.2773413592173037">
        <ele>80.1</ele>
      </trkpt>
      <trkpt lat="53.224082293426726" lon="-2.277786010263122">
        <ele>80.2</ele>
      </trkpt>
      <trkpt lat="53.22408010060858" lon="-2.278235653228645">
        <ele>80.3</ele>
      </trkpt>
      <trkpt lat="53.22412044900794" lon="-2.2786811533929994">
        <ele>80.2</ele>
      </trkpt>
      <trkpt lat="53.22416428277771" lon="-2.2791258144463065">
        <ele>80.0</ele>
      </trkpt>
      <trkpt lat="53.22421189828658" lon="-2.2795693695802974">
        <ele>79.7</ele>
      </trkpt>
      <trkpt lat="53.224262842236804" lon="-2.2800118263197806">
        <ele>79.3</ele>
      </trkpt>
      <trkpt lat="53.22430630335339" lon="-2.2804565734100475">
        <ele>79.1</ele>
      </trkpt>
      <trkpt lat="53.22435396333514" lon="-2.280900100539203">
        <ele>79.1</ele>
      </trkpt>
      <trkpt lat="53.22440267383702" lon="-2.281343310503909">
        <ele>79.2</ele>
      </trkpt>
      <trkpt lat="53.224476168601875" lon="-2.281775657013546">
        <ele>79.1</ele>
      </trkpt>
      <trkpt lat="53.22460509180512" lon="-2.2821707980798633">
        <ele>79.3</ele>
      </trkpt>
      <trkpt lat="53.224769405356085" lon="-2.2825276677871704">
        <ele>79.6</ele>
      </trkpt>
      <trkpt lat="53.22493918577314" lon="-2.282877811832806">
        <ele>79.7</ele>
      </trkpt>
      <trkpt lat="53.22511105462661" lon="-2.283225173870732">
        <ele>79.5</ele>
      </trkpt>
      <trkpt lat="53.22528897777323" lon="-2.283563876110561">
        <ele>79.3</ele>
      </trkpt>
      <trkpt lat="53.22546744255438" lon="-2.2839018371959794">
        <ele>79.2</ele>
      </trkpt>
      <trkpt lat="53.22564492046491" lon="-2.2842412620636203">
        <ele>79.3</ele>
      </trkpt>
      <trkpt lat="53.22582212024532" lon="-2.2845809785010873">
        <ele>79.4</ele>
      </trkpt>
      <trkpt lat="53.22599691522062" lon="-2.284924051099701">
        <ele>79.4</ele>
      </trkpt>
      <trkpt lat="53.226178853218954" lon="-2.2852567724589905">
        <ele>79.4</ele>
      </trkpt>
      <trkpt lat="53.226353802346416" lon="-2.2855998465141707">
        <ele>79.5</ele>
      </trkpt>
      <trkpt lat="53.22652714583782" lon="-2.285945129216648">
        <ele>79.5</ele>
      </trkpt>
      <trkpt lat="53.22668410209421" lon="-2.2863115312700253">
        <ele>79.4</ele>
      </trkpt>
      <trkpt lat="53.22683714837668" lon="-2.286682511724744">
        <ele>79.0</ele>
      </trkpt>
      <trkpt lat="53.22697997225353" lon="-2.287064851285894">
        <ele>78.8</ele>
      </trkpt>
      <trkpt lat="53.227115581226265" lon="-2.28745444823982">
        <ele>78.7</ele>
      </trkpt>
      <trkpt lat="53.22724692619746" lon="-2.287848095243788">
        <ele>78.7</ele>
      </trkpt>
      <trkpt lat="53.22737731549762" lon="-2.2882425640087187">
        <ele>78.4</ele>
      </trkpt>
      <trkpt lat="53.22750313932308" lon="-2.288641086712566">
        <ele>78.2</ele>
      </trkpt>
      <trkpt lat="53.22763021519924" lon="-2.2890385974347547">
        <ele>78.1</ele>
      </trkpt>
      <trkpt lat="53.2277586892797" lon="-2.2894348063047048">
        <ele>78.3</ele>
      </trkpt>
      <trkpt lat="53.22787626462035" lon="-2.2898403057297063">
        <ele>78.2</ele>
      </trkpt>
      <trkpt lat="53.22798746177286" lon="-2.2902508398026815">
        <ele>77.9</ele>
      </trkpt>
      <trkpt lat="53.228106138016116" lon="-2.290655156946252">
        <ele>77.4</ele>
      </trkpt>
      <trkpt lat="53.2282536017938" lon="-2.291032185394087">
        <ele>77.0</ele>
      </trkpt>
      <trkpt lat="53.22838438522456" lon="-2.291425764378253">
        <ele>76.8</ele>
      </trkpt>
      <trkpt lat="53.2284996527083" lon="-2.291833209808817">
        <ele>76.8</ele>
      </trkpt>
      <trkpt lat="53.22860758175728" lon="-2.292246270703861">
        <ele>76.8</ele>
      </trkpt>
      <trkpt lat="53.2287194425402" lon="-2.2926563666497226">
        <ele>76.7</ele>
      </trkpt>
      <trkpt lat="53.22882645797905" lon="-2.2930699635850593">
        <ele>76.5</ele>
      </trkpt>
      <trkpt lat="53.22893392934289" lon="-2.2934833310085017">
        <ele>76.3</ele>
      </trkpt>
      <trkpt lat="53.229031343960415" lon="-2.293903440613455">
        <ele>76.2</ele>
      </trkpt>
      <trkpt lat="53.2291371624206" lon="-2.2943180271024723">
        <ele>76.1</ele>
      </trkpt>
      <trkpt lat="53.22924221073316" lon="-2.294733116201086">
        <ele>75.9</ele>
      </trkpt>
      <trkpt lat="53.22935554370262" lon="-2.2951420762860093">
        <ele>75.8</ele>
      </trkpt>
      <trkpt lat="53.229459244405994" lon="-2.2955581353402663">
        <ele>75.7</ele>
      </trkpt>
      <trkpt lat="53.22956654824849" lon="-2.295971590115077">
        <ele>75.5</ele>
      </trkpt>
      <trkpt lat="53.22967316386872" lon="-2.296385578199666">
        <ele>75.3</ele>
      </trkpt>
      <trkpt lat="53.22978029413036" lon="-2.296799221122594">
        <ele>75.1</ele>
      </trkpt>
      <trkpt lat="53.229887890537675" lon="-2.297212496287651">
        <ele>75.0</ele>
      </trkpt>
      <trkpt lat="53.22999737760185" lon="-2.2976243818555253">
        <ele>75.1</ele>
      </trkpt>
      <trkpt lat="53.2301016475403" lon="-2.29803987875205">
        <ele>75.5</ele>
      </trkpt>
      <trkpt lat="53.230207340560455" lon="-2.29845447570047">
        <ele>76.0</ele>
      </trkpt>
      <trkpt lat="53.23031672345004" lon="-2.2988664665872087">
        <ele>76.4</ele>
      </trkpt>
      <trkpt lat="53.23042445957095" lon="-2.2992796510054725">
        <ele>76.8</ele>
      </trkpt>
      <trkpt lat="53.23053149388705" lon="-2.2996931634142053">
        <ele>77.1</ele>
      </trkpt>
      <trkpt lat="53.23063168274596" lon="-2.3001112711881095">
        <ele>77.4</ele>
      </trkpt>
      <trkpt lat="53.23073589126835" lon="-2.3005269477416177">
        <ele>77.6</ele>
      </trkpt>
      <trkpt lat="53.23085009016775" lon="-2.3009351488013166">
        <ele>77.7</ele>
      </trkpt>
      <trkpt lat="53.23096188954957" lon="-2.3013451324476653">
        <ele>77.9</ele>
      </trkpt>
      <trkpt lat="53.23105893661125" lon="-2.3017656703997176">
        <ele>77.9</ele>
      </trkpt>
      <trkpt lat="53.231130723959396" lon="-2.302199196532024">
        <ele>78.0</ele>
      </trkpt>
      <trkpt lat="53.23113599677175" lon="-2.302647739114834">
        <ele>78.4</ele>
      </trkpt>
      <trkpt lat="53.23114241253941" lon="-2.303097777574366">
        <ele>78.9</ele>
      </trkpt>
      <trkpt lat="53.23118128374692" lon="-2.303543603489923">
        <ele>79.1</ele>
      </trkpt>
      <trkpt lat="53.23122326027292" lon="-2.3039885063625087">
        <ele>78.9</ele>
      </trkpt>
      <trkpt lat="53.23127409852135" lon="-2.304430935089243">
        <ele>78.7</ele>
      </trkpt>
      <trkpt lat="53.231274422221595" lon="-2.3048796327969456">
        <ele>78.3</ele>
      </trkpt>
      <trkpt lat="53.231137244518045" lon="-2.3052590953598076">
        <ele>78.0</ele>
      </trkpt>
      <trkpt lat="53.23093925919678" lon="-2.305565168865169">
        <ele>77.6</ele>
      </trkpt>
      <trkpt lat="53.230730293052034" lon="-2.3058500720672885">
        <ele>77.1</ele>
      </trkpt>
      <trkpt lat="53.23052501025547" lon="-2.306142329086961">
        <ele>76.0</ele>
      </trkpt>
      <trkpt lat="53.2303178601142" lon="-2.3064308684817636">
        <ele>74.2</ele>
      </trkpt>
      <trkpt lat="53.230113144970204" lon="-2.3067239282481453">
        <ele>72.0</ele>
      </trkpt>
      <trkpt lat="53.22989868723621" lon="-2.306997328370334">
        <ele>69.5</ele>
      </trkpt>
      <trkpt lat="53.22968248454515" lon="-2.3072666217112645">
        <ele>67.8</ele>
      </trkpt>
      <trkpt lat="53.22946159079713" lon="-2.3075253841140686">
        <ele>67.6</ele>
      </trkpt>
      <trkpt lat="53.22923805932364" lon="-2.307777663164525">
        <ele>69.1</ele>
      </trkpt>
      <trkpt lat="53.22901392130775" lon="-2.3080283525955996">
        <ele>71.1</ele>
      </trkpt>
      <trkpt lat="53.22879592785324" lon="-2.3082937730218">
        <ele>72.9</ele>
      </trkpt>
      <trkpt lat="53.228561328885256" lon="-2.3085147223585025">
        <ele>74.0</ele>
      </trkpt>
      <trkpt lat="53.228307871619236" lon="-2.30866848876989">
        <ele>74.5</ele>
      </trkpt>
      <trkpt lat="53.228051072833125" lon="-2.308806596718035">
        <ele>74.9</ele>
      </trkpt>
      <trkpt lat="53.22779221046096" lon="-2.308933540766668">
        <ele>75.4</ele>
      </trkpt>
      <trkpt lat="53.22753289114515" lon="-2.309057365624351">
        <ele>76.2</ele>
      </trkpt>
      <trkpt lat="53.22727737698793" lon="-2.3092003041516005">
        <ele>77.0</ele>
      </trkpt>
      <trkpt lat="53.22702984454079" lon="-2.3093791283453493">
        <ele>77.8</ele>
      </trkpt>
      <trkpt lat="53.22679695217985" lon="-2.3096064868157997">
        <ele>78.5</ele>
      </trkpt>
      <trkpt lat="53.226562264890646" lon="-2.3098286847894327">
        <ele>79.1</ele>
      </trkpt>
      <trkpt lat="53.2263319715945" lon="-2.3100634054429525">
        <ele>79.3</ele>
      </trkpt>
      <trkpt lat="53.226101532022994" lon="-2.310297692187615">
        <ele>79.2</ele>
      </trkpt>
      <trkpt lat="53.225868606542306" lon="-2.3105249973783093">
        <ele>79.1</ele>
      </trkpt>
      <trkpt lat="53.2256335445249" lon="-2.3107460242217424">
        <ele>79.1</ele>
      </trkpt>
      <trkpt lat="53.22539833894293" lon="-2.310966727600235">
        <ele>79.3</ele>
      </trkpt>
      <trkpt lat="53.22516919513498" lon="-2.3112044780137606">
        <ele>79.7</ele>
      </trkpt>
      <trkpt lat="53.224947584485356" lon="-2.311461323629473">
        <ele>80.1</ele>
      </trkpt>
      <trkpt lat="53.224728555380494" lon="-2.3117243900966797">
        <ele>80.5</ele>
      </trkpt>
      <trkpt lat="53.22450955297654" lon="-2.311987581272522">
        <ele>81.0</ele>
      </trkpt>
      <trkpt lat="53.22428542369387" lon="-2.31223839213515">
        <ele>81.6</ele>
      </trkpt>
      <trkpt lat="53.2240577355726" lon="-2.312479912553053">
        <ele>81.8</ele>
      </trkpt>
      <trkpt lat="53.223830137068106" lon="-2.312721775273955">
        <ele>81.8</ele>
      </trkpt>
      <trkpt lat="53.22360124807866" lon="-2.312960319208708">
        <ele>81.7</ele>
      </trkpt>
      <trkpt lat="53.22337968298867" lon="-2.3132171884024237">
        <ele>81.5</ele>
      </trkpt>
      <trkpt lat="53.22315576703646" lon="-2.3134685311890357">
        <ele>81.2</ele>
      </trkpt>
      <trkpt lat="53.22292850496213" lon="-2.313711248702261">
        <ele>80.7</ele>
      </trkpt>
      <trkpt lat="53.22269687370211" lon="-2.313942135331072">
        <ele>80.4</ele>
      </trkpt>
      <trkpt lat="53.22246027475918" lon="-2.3141586510157355">
        <ele>80.4</ele>
      </trkpt>
      <trkpt lat="53.22221842667698" lon="-2.314358246919458">
        <ele>80.6</ele>
      </trkpt>
      <trkpt lat="53.221978128446956" lon="-2.314563114489644">
        <ele>80.6</ele>
      </trkpt>
      <trkpt lat="53.221735790027665" lon="-2.3147611641448753">
        <ele>80.6</ele>
      </trkpt>
      <trkpt lat="53.22149657840695" lon="-2.314969129062719">
        <ele>80.6</ele>
      </trkpt>
      <trkpt lat="53.22126383240435" lon="-2.3151969065070337">
        <ele>80.5</ele>
      </trkpt>
      <trkpt lat="53.22102778443134" lon="-2.3154149898010434">
        <ele>80.4</ele>
      </trkpt>
      <trkpt lat="53.220796754949255" lon="-2.3156475877265867">
        <ele>80.4</ele>
      </trkpt>
      <trkpt lat="53.220565172249685" lon="-2.315878634537333">
        <ele>80.3</ele>
      </trkpt>
      <trkpt lat="53.22033665757371" lon="-2.3161181256406578">
        <ele>80.0</ele>
      </trkpt>
      <trkpt lat="53.220105266504284" lon="-2.316349773357639">
        <ele>79.7</ele>
      </trkpt>
      <trkpt lat="53.21987312460721" lon="-2.3165793113857283">
        <ele>79.3</ele>
      </trkpt>
      <trkpt lat="53.21964258928382" lon="-2.31681323755173">
        <ele>79.2</ele>
      </trkpt>
      <trkpt lat="53.21941333834711" lon="-2.3170507500841495">
        <ele>79.3</ele>
      </trkpt>
      <trkpt lat="53.219182997403514" lon="-2.3172853442528822">
        <ele>79.4</ele>
      </trkpt>
      <trkpt lat="53.21895417340397" lon="-2.317524027496255">
        <ele>79.2</ele>
      </trkpt>
      <trkpt lat="53.21872316530504" lon="-2.317756649253255">
        <ele>78.8</ele>
      </trkpt>
      <trkpt lat="53.21849699253479" lon="-2.3180022643406057">
        <ele>78.6</ele>
      </trkpt>
      <trkpt lat="53.218268785729485" lon="-2.318242523526398">
        <ele>78.6</ele>
      </trkpt>
      <trkpt lat="53.2180477596834" lon="-2.3185008521562778">
        <ele>78.5</ele>
      </trkpt>
      <trkpt lat="53.217821372097546" lon="-2.3187459279141485">
        <ele>78.6</ele>
      </trkpt>
      <trkpt lat="53.217595049813355" lon="-2.3189911466255833">
        <ele>78.7</ele>
      </trkpt>
      <trkpt lat="53.2173729120663" lon="-2.319246654057397">
        <ele>78.7</ele>
      </trkpt>
      <trkpt lat="53.21715747417627" lon="-2.319517874164359">
        <ele>78.5</ele>
      </trkpt>
      <trkpt lat="53.2169445921258" lon="-2.319794618031157">
        <ele>78.4</ele>
      </trkpt>
      <trkpt lat="53.21673148426619" lon="-2.320070840650326">
        <ele>78.4</ele>
      </trkpt>
      <trkpt lat="53.21652228380756" lon="-2.3203553242974375">
        <ele>78.4</ele>
      </trkpt>
      <trkpt lat="53.216316267793516" lon="-2.3206462344061443">
        <ele>78.5</ele>
      </trkpt>
      <trkpt lat="53.216110310954" lon="-2.320937240840268">
        <ele>78.4</ele>
      </trkpt>
      <trkpt lat="53.21590527590433" lon="-2.321230048595231">
        <ele>78.1</ele>
      </trkpt>
      <trkpt lat="53.21570133570559" lon="-2.3215250068131206">
        <ele>77.8</ele>
      </trkpt>
      <trkpt lat="53.21549599605547" lon="-2.321817248062742">
        <ele>77.7</ele>
      </trkpt>
      <trkpt lat="53.215290949992216" lon="-2.322109990223743">
        <ele>77.7</ele>
      </trkpt>
      <trkpt lat="53.21509548276256" lon="-2.3224198515201353">
        <ele>77.6</ele>
      </trkpt>
      <trkpt lat="53.21492628281769" lon="-2.3227706078654986">
        <ele>77.4</ele>
      </trkpt>
      <trkpt lat="53.214787430374656" lon="-2.3231565892787924">
        <ele>76.9</ele>
      </trkpt>
      <trkpt lat="53.21467552397157" lon="-2.3235661588427297">
        <ele>76.4</ele>
      </trkpt>
      <trkpt lat="53.21458862930237" lon="-2.323992593279538">
        <ele>76.0</ele>
      </trkpt>
      <trkpt lat="53.21451285538303" lon="-2.3244247225250887">
        <ele>75.7</ele>
      </trkpt>
      <trkpt lat="53.2144678382605" lon="-2.32486863062348">
        <ele>75.5</ele>
      </trkpt>
      <trkpt lat="53.21444776660272" lon="-2.3253175812071745">
        <ele>75.4</ele>
      </trkpt>
      <trkpt lat="53.21445727629192" lon="-2.3257677241601042">
        <ele>75.0</ele>
      </trkpt>
      <trkpt lat="53.214474626922176" lon="-2.3262172799434673">
        <ele>74.2</ele>
      </trkpt>
      <trkpt lat="53.214511797718" lon="-2.326663368981609">
        <ele>73.7</ele>
      </trkpt>
      <trkpt lat="53.2145713119552" lon="-2.3271025894658974">
        <ele>73.5</ele>
      </trkpt>
      <trkpt lat="53.21465706475382" lon="-2.3275297490087508">
        <ele>73.6</ele>
      </trkpt>
      <trkpt lat="53.214717444760126" lon="-2.3279616341877274">
        <ele>74.0</ele>
      </trkpt>
      <trkpt lat="53.21461744749403" lon="-2.3283680756572043">
        <ele>74.6</ele>
      </trkpt>
      <trkpt lat="53.214389188374376" lon="-2.328605012929744">
        <ele>75.2</ele>
      </trkpt>
      <trkpt lat="53.21415698558788" lon="-2.3288338191919387">
        <ele>75.6</ele>
      </trkpt>
      <trkpt lat="53.21393939144319" lon="-2.3291000029015203">
        <ele>75.4</ele>
      </trkpt>
      <trkpt lat="53.213734030159756" lon="-2.3293920604813336">
        <ele>74.9</ele>
      </trkpt>
      <trkpt lat="53.213531811633" lon="-2.3296902281619714">
        <ele>74.1</ele>
      </trkpt>
      <trkpt lat="53.2133170684772" lon="-2.329962901343195">
        <ele>73.1</ele>
      </trkpt>
      <trkpt lat="53.21309773505939" lon="-2.330225129731323">
        <ele>72.0</ele>
      </trkpt>
      <trkpt lat="53.21285219346219" lon="-2.3304105221315075">
        <ele>70.8</ele>
      </trkpt>
      <trkpt lat="53.212591577722144" lon="-2.3305243663684956">
        <ele>69.1</ele>
      </trkpt>
      <trkpt lat="53.21232523372318" lon="-2.3305961051998785">
        <ele>67.1</ele>
      </trkpt>
      <trkpt lat="53.21206499520819" lon="-2.330711236266837">
        <ele>65.1</ele>
      </trkpt>
      <trkpt lat="53.21182207938465" lon="-2.3309063863051427">
        <ele>63.2</ele>
      </trkpt>
      <trkpt lat="53.21161619466062" lon="-2.3311942050551213">
        <ele>61.5</ele>
      </trkpt>
      <trkpt lat="53.21146467689366" lon="-2.3315658547203366">
        <ele>60.1</ele>
      </trkpt>
      <trkpt lat="53.21134185054496" lon="-2.3319667493440197">
        <ele>59.1</ele>
      </trkpt>
      <trkpt lat="53.21121459566006" lon="-2.332363883636277">
        <ele>58.2</ele>
      </trkpt>
      <trkpt lat="53.211065491205304" lon="-2.3327391764364758">
        <ele>57.4</ele>
      </trkpt>
      <trkpt lat="53.210905110544935" lon="-2.333101333505421">
        <ele>56.7</ele>
      </trkpt>
      <trkpt lat="53.21072741050676" lon="-2.3334402588486207">
        <ele>56.2</ele>
      </trkpt>
      <trkpt lat="53.21054475206441" lon="-2.3337713195630108">
        <ele>56.0</ele>
      </trkpt>
      <trkpt lat="53.21033333792527" lon="-2.334049837497093">
        <ele>55.7</ele>
      </trkpt>
      <trkpt lat="53.210094687588146" lon="-2.334257104138858">
        <ele>55.4</ele>
      </trkpt>
      <trkpt lat="53.20983549684597" lon="-2.3343804613430232">
        <ele>54.9</ele>
      </trkpt>
      <trkpt lat="53.209575594164285" lon="-2.3344992561144147">
        <ele>54.4</ele>
      </trkpt>
      <trkpt lat="53.20933851646175" lon="-2.3347120691900987">
        <ele>53.9</ele>
      </trkpt>
      <trkpt lat="53.20909894327348" lon="-2.334917484004684">
        <ele>53.5</ele>
      </trkpt>
      <trkpt lat="53.20884460777509" lon="-2.33506705696775">
        <ele>52.8</ele>
      </trkpt>
      <trkpt lat="53.208583820361305" lon="-2.3351820313897154">
        <ele>52.0</ele>
      </trkpt>
      <trkpt lat="53.208328644142405" lon="-2.335324391824819">
        <ele>50.9</ele>
      </trkpt>
      <trkpt lat="53.208096527388655" lon="-2.335551359643602">
        <ele>49.8</ele>
      </trkpt>
      <trkpt lat="53.20792319470503" lon="-2.3358930503384046">
        <ele>48.7</ele>
      </trkpt>
      <trkpt lat="53.20779532437088" lon="-2.336289679038823">
        <ele>47.9</ele>
      </trkpt>
      <trkpt lat="53.20768587069245" lon="-2.3367011219710747">
        <ele>47.1</ele>
      </trkpt>
      <trkpt lat="53.20754494839264" lon="-2.3370852283635783">
        <ele>46.3</ele>
      </trkpt>
      <trkpt lat="53.20739375435253" lon="-2.3374583014752894">
        <ele>45.7</ele>
      </trkpt>
      <trkpt lat="53.207234153544036" lon="-2.337821479749609">
        <ele>45.3</ele>
      </trkpt>
      <trkpt lat="53.207095901794084" lon="-2.338207642955888">
        <ele>45.0</ele>
      </trkpt>
      <trkpt lat="53.20698308697501" lon="-2.338616783036437">
        <ele>44.8</ele>
      </trkpt>
      <trkpt lat="53.206889263783" lon="-2.339038938221139">
        <ele>44.6</ele>
      </trkpt>
      <trkpt lat="53.20682586389856" lon="-2.3394756915797474">
        <ele>44.6</ele>
      </trkpt>
      <trkpt lat="53.2068022993573" lon="-2.339924251480644">
        <ele>44.6</ele>
      </trkpt>
      <trkpt lat="53.206795408589656" lon="-2.3403743678987694">
        <ele>44.6</ele>
      </trkpt>
      <trkpt lat="53.20676765206755" lon="-2.3408219163951687">
        <ele>44.5</ele>
      </trkpt>
      <trkpt lat="53.2067036115975" lon="-2.3412593520678806">
        <ele>44.5</ele>
      </trkpt>
      <trkpt lat="53.206611726970394" lon="-2.3416826428243316">
        <ele>44.9</ele>
      </trkpt>
      <trkpt lat="53.206521728724404" lon="-2.3421067497997727">
        <ele>45.7</ele>
      </trkpt>
      <trkpt lat="53.20640907698357" lon="-2.3425159945272003">
        <ele>46.8</ele>
      </trkpt>
      <trkpt lat="53.20627336047459" lon="-2.342904289793409">
        <ele>48.1</ele>
      </trkpt>
      <trkpt lat="53.20610554233768" lon="-2.3432562859289314">
        <ele>49.9</ele>
      </trkpt>
      <trkpt lat="53.20590551963224" lon="-2.3435575645671705">
        <ele>52.1</ele>
      </trkpt>
      <trkpt lat="53.20567474812084" lon="-2.3437897574889806">
        <ele>54.5</ele>
      </trkpt>
      <trkpt lat="53.20542814321607" lon="-2.3439656951878893">
        <ele>56.7</ele>
      </trkpt>
      <trkpt lat="53.20516402902346" lon="-2.3440547666468947">
        <ele>58.6</ele>
      </trkpt>
      <trkpt lat="53.204895895541284" lon="-2.344103330759484">
        <ele>60.1</ele>
      </trkpt>
      <trkpt lat="53.20462669046637" lon="-2.3441293252925965">
        <ele>61.2</ele>
      </trkpt>
      <trkpt lat="53.20435732715688" lon="-2.3441179814835573">
        <ele>62.5</ele>
      </trkpt>
      <trkpt lat="53.20408786095791" lon="-2.344120500911793">
        <ele>64.1</ele>
      </trkpt>
      <trkpt lat="53.20381832730817" lon="-2.3441063968050586">
        <ele>65.4</ele>
      </trkpt>
      <trkpt lat="53.2035489814804" lon="-2.3440816568748057">
        <ele>66.3</ele>
      </trkpt>
      <trkpt lat="53.203279423137005" lon="-2.3440649509338707">
        <ele>66.8</ele>
      </trkpt>
      <trkpt lat="53.203009842810076" lon="-2.3440562906815643">
        <ele>66.9</ele>
      </trkpt>
      <trkpt lat="53.20274999954795" lon="-2.344154743319278">
        <ele>66.8</ele>
      </trkpt>
      <trkpt lat="53.20252432166371" lon="-2.3443975908494314">
        <ele>66.9</ele>
      </trkpt>
      <trkpt lat="53.20239040442768" lon="-2.3447777418961757">
        <ele>66.9</ele>
      </trkpt>
      <trkpt lat="53.202304592820035" lon="-2.345200756250803">
        <ele>66.8</ele>
      </trkpt>
      <trkpt lat="53.20210063138829" lon="-2.345493036621326">
        <ele>67.3</ele>
      </trkpt>
      <trkpt lat="53.20185449321029" lon="-2.3456747727943013">
        <ele>67.7</ele>
      </trkpt>
      <trkpt lat="53.201596436348716" lon="-2.3458060954800235">
        <ele>67.1</ele>
      </trkpt>
      <trkpt lat="53.20133621680935" lon="-2.3459244259782728">
        <ele>65.8</ele>
      </trkpt>
      <trkpt lat="53.201075954805695" lon="-2.3460429781749963">
        <ele>64.7</ele>
      </trkpt>
      <trkpt lat="53.200815409627175" lon="-2.346159866523906">
        <ele>64.0</ele>
      </trkpt>
      <trkpt lat="53.20055419101077" lon="-2.346271653970671">
        <ele>63.7</ele>
      </trkpt>
      <trkpt lat="53.20029421689374" lon="-2.346391954500619">
        <ele>63.6</ele>
      </trkpt>
      <trkpt lat="53.20003648246489" lon="-2.3465244271437284">
        <ele>64.0</ele>
      </trkpt>
      <trkpt lat="53.19977759469865" lon="-2.3466507093017914">
        <ele>64.8</ele>
      </trkpt>
      <trkpt lat="53.19951756821198" lon="-2.3467704506933456">
        <ele>65.5</ele>
      </trkpt>
      <trkpt lat="53.19925784571421" lon="-2.3468922219491355">
        <ele>66.0</ele>
      </trkpt>
      <trkpt lat="53.19899828267759" lon="-2.3470149547018866">
        <ele>66.3</ele>
      </trkpt>
      <trkpt lat="53.198737952165565" lon="-2.347132820685631">
        <ele>66.4</ele>
      </trkpt>
      <trkpt lat="53.198480012592995" lon="-2.347264050016505">
        <ele>66.1</ele>
      </trkpt>
      <trkpt lat="53.19822665819434" lon="-2.3474185530239575">
        <ele>65.9</ele>
      </trkpt>
      <trkpt lat="53.19796659965921" lon="-2.3475325952515087">
        <ele>65.9</ele>
      </trkpt>
      <trkpt lat="53.19772408762732" lon="-2.3473813597588755">
        <ele>66.0</ele>
      </trkpt>
      <trkpt lat="53.19754579331772" lon="-2.347043776684671">
        <ele>65.9</ele>
      </trkpt>
      <trkpt lat="53.197385397388004" lon="-2.346681700389925">
        <ele>65.6</ele>
      </trkpt>
      <trkpt lat="53.1972183613295" lon="-2.346328169473078">
        <ele>65.2</ele>
      </trkpt>
      <trkpt lat="53.19704928528169" lon="-2.345977292070403">
        <ele>64.7</ele>
      </trkpt>
      <trkpt lat="53.19689386374545" lon="-2.3456092815559586">
        <ele>64.4</ele>
      </trkpt>
      <trkpt lat="53.196753963181955" lon="-2.3452242719485503">
        <ele>64.3</ele>
      </trkpt>
      <trkpt lat="53.196612642854944" lon="-2.3448407723613762">
        <ele>64.3</ele>
      </trkpt>
      <trkpt lat="53.196489231037695" lon="-2.344440476769824">
        <ele>64.4</ele>
      </trkpt>
      <trkpt lat="53.19636973061281" lon="-2.3440367454585136">
        <ele>64.6</ele>
      </trkpt>
      <trkpt lat="53.196272238120855" lon="-2.343616914080174">
        <ele>64.9</ele>
      </trkpt>
      <trkpt lat="53.196172524333264" lon="-2.343198466477388">
        <ele>65.4</ele>
      </trkpt>
      <trkpt lat="53.196063838754135" lon="-2.342786354023288">
        <ele>66.0</ele>
      </trkpt>
      <trkpt lat="53.19592597795486" lon="-2.342399979312507">
        <ele>66.7</ele>
      </trkpt>
      <trkpt lat="53.19577301891365" lon="-2.3420290579438">
        <ele>67.6</ele>
      </trkpt>
      <trkpt lat="53.195618946471356" lon="-2.341659432758757">
        <ele>68.5</ele>
      </trkpt>
      <trkpt lat="53.19546078524799" lon="-2.3412946068084244">
        <ele>69.2</ele>
      </trkpt>
      <trkpt lat="53.19530192100338" lon="-2.3409307234203673">
        <ele>69.6</ele>
      </trkpt>
      <trkpt lat="53.19514397913897" lon="-2.340565659158415">
        <ele>69.8</ele>
      </trkpt>
      <trkpt lat="53.19499287257269" lon="-2.340192704824672">
        <ele>69.7</ele>
      </trkpt>
      <trkpt lat="53.194867500042434" lon="-2.3397942122441426">
        <ele>69.5</ele>
      </trkpt>
      <trkpt lat="53.19475819892439" lon="-2.3393827031394956">
        <ele>69.3</ele>
      </trkpt>
      <trkpt lat="53.19465912291313" lon="-2.338963847084553">
        <ele>69.4</ele>
      </trkpt>
      <trkpt lat="53.19456223095009" lon="-2.3385435688642096">
        <ele>69.6</ele>
      </trkpt>
      <trkpt lat="53.19447222606983" lon="-2.3381190723264447">
        <ele>69.7</ele>
      </trkpt>
      <trkpt lat="53.19439368102627" lon="-2.3376882660300873">
        <ele>69.8</ele>
      </trkpt>
      <trkpt lat="53.194316458725076" lon="-2.3372568152324815">
        <ele>69.9</ele>
      </trkpt>
      <trkpt lat="53.19424379364267" lon="-2.3368231228345464">
        <ele>70.0</ele>
      </trkpt>
      <trkpt lat="53.19416981196876" lon="-2.3363900607216608">
        <ele>70.0</ele>
      </trkpt>
      <trkpt lat="53.19410283954535" lon="-2.335953861287812">
        <ele>70.1</ele>
      </trkpt>
      <trkpt lat="53.194025852081914" lon="-2.335522271995807">
        <ele>70.3</ele>
      </trkpt>
      <trkpt lat="53.19394208795137" lon="-2.3350942227596576">
        <ele>70.5</ele>
      </trkpt>
      <trkpt lat="53.19386058037406" lon="-2.334664952460159">
        <ele>70.7</ele>
      </trkpt>
      <trkpt lat="53.1937794544019" lon="-2.3342355098399605">
        <ele>70.9</ele>
      </trkpt>
      <trkpt lat="53.19370003576214" lon="-2.3338051340721853">
        <ele>71.2</ele>
      </trkpt>
      <trkpt lat="53.193632770401614" lon="-2.333369265053156">
        <ele>71.6</ele>
      </trkpt>
      <trkpt lat="53.19357427746219" lon="-2.332929835384238">
        <ele>72.1</ele>
      </trkpt>
      <trkpt lat="53.193519463298514" lon="-2.33248891558102">
        <ele>72.6</ele>
      </trkpt>
      <trkpt lat="53.193451973097496" lon="-2.3320529481391334">
        <ele>73.2</ele>
      </trkpt>
      <trkpt lat="53.193367664330985" lon="-2.3316253763521972">
        <ele>73.7</ele>
      </trkpt>
      <trkpt lat="53.193265486109325" lon="-2.3312087602169607">
        <ele>74.2</ele>
      </trkpt>
      <trkpt lat="53.193146981575566" lon="-2.3308043074853995">
        <ele>74.8</ele>
      </trkpt>
      <trkpt lat="53.19302426206035" lon="-2.330403277861462">
        <ele>75.4</ele>
      </trkpt>
      <trkpt lat="53.192900975960654" lon="-2.330002766702623">
        <ele>75.9</ele>
      </trkpt>
      <trkpt lat="53.19277845337226" lon="-2.329601580792829">
        <ele>76.3</ele>
      </trkpt>
      <trkpt lat="53.19265240633989" lon="-2.3292036052321503">
        <ele>77.0</ele>
      </trkpt>
      <trkpt lat="53.19252947345443" lon="-2.3288027604082764">
        <ele>77.8</ele>
      </trkpt>
      <trkpt lat="53.19240144323999" lon="-2.3284064339366703">
        <ele>78.3</ele>
      </trkpt>
      <trkpt lat="53.192280729664084" lon="-2.328003732712139">
        <ele>78.6</ele>
      </trkpt>
      <trkpt lat="53.19216052015249" lon="-2.3276006605730437">
        <ele>78.8</ele>
      </trkpt>
      <trkpt lat="53.192045819404775" lon="-2.327193119050278">
        <ele>78.7</ele>
      </trkpt>
      <trkpt lat="53.191936689795654" lon="-2.326781334887937">
        <ele>78.3</ele>
      </trkpt>
      <trkpt lat="53.191825473165586" lon="-2.326371073794179">
        <ele>77.7</ele>
      </trkpt>
      <trkpt lat="53.19171030866029" lon="-2.3259638970186804">
        <ele>77.0</ele>
      </trkpt>
      <trkpt lat="53.191562047584405" lon="-2.3255888005064023">
        <ele>76.6</ele>
      </trkpt>
      <trkpt lat="53.19139293259071" lon="-2.3252379758720587">
        <ele>76.5</ele>
      </trkpt>
      <trkpt lat="53.19121931853949" lon="-2.3248933185704868">
        <ele>76.6</ele>
      </trkpt>
      <trkpt lat="53.19104968112774" lon="-2.3245431838816217">
        <ele>76.9</ele>
      </trkpt>
      <trkpt lat="53.19088577574702" lon="-2.324185831402856">
        <ele>77.5</ele>
      </trkpt>
      <trkpt lat="53.19074233647698" lon="-2.3238045231635236">
        <ele>78.4</ele>
      </trkpt>
      <trkpt lat="53.190621690113815" lon="-2.3234021108662306">
        <ele>79.7</ele>
      </trkpt>
      <trkpt lat="53.19052109468003" lon="-2.3229843299851405">
        <ele>80.7</ele>
      </trkpt>
      <trkpt lat="53.19044490029041" lon="-2.3225529592307623">
        <ele>81.4</ele>
      </trkpt>
      <trkpt lat="53.19039836403188" lon="-2.3221096633727094">
        <ele>81.7</ele>
      </trkpt>
      <trkpt lat="53.19034848341621" lon="-2.32166717976213">
        <ele>81.9</ele>
      </trkpt>
      <trkpt lat="53.19029351735255" lon="-2.321226343790304">
        <ele>81.9</ele>
      </trkpt>
      <trkpt lat="53.190240311937835" lon="-2.320784901586694">
        <ele>81.8</ele>
      </trkpt>
      <trkpt lat="53.19018576524872" lon="-2.3203439326270514">
        <ele>81.4</ele>
      </trkpt>
      <trkpt lat="53.190135551583495" lon="-2.3199015183536686">
        <ele>81.0</ele>
      </trkpt>
      <trkpt lat="53.190084833683095" lon="-2.3194592646755363">
        <ele>80.6</ele>
      </trkpt>
      <trkpt lat="53.190037234809495" lon="-2.319016041901512">
        <ele>80.3</ele>
      </trkpt>
      <trkpt lat="53.189989351879085" lon="-2.3185729099037076">
        <ele>80.2</ele>
      </trkpt>
      <trkpt lat="53.189943179448996" lon="-2.3181293132480083">
        <ele>80.1</ele>
      </trkpt>
      <trkpt lat="53.18988792024859" lon="-2.317688604710443">
        <ele>80.0</ele>
      </trkpt>
      <trkpt lat="53.18982701119148" lon="-2.3172499786223333">
        <ele>79.8</ele>
      </trkpt>
      <trkpt lat="53.189761904683024" lon="-2.3168130217196956">
        <ele>79.7</ele>
      </trkpt>
      <trkpt lat="53.1896937219138" lon="-2.3163773704060304">
        <ele>79.8</ele>
      </trkpt>
      <trkpt lat="53.18962506317604" lon="-2.3159419578543097">
        <ele>80.1</ele>
      </trkpt>
      <trkpt lat="53.189568737439565" lon="-2.315501630939365">
        <ele>80.5</ele>
      </trkpt>
      <trkpt lat="53.18951354034073" lon="-2.315060961426319">
        <ele>80.9</ele>
      </trkpt>
      <trkpt lat="53.18946029832162" lon="-2.314619536037343">
        <ele>81.1</ele>
      </trkpt>
      <trkpt lat="53.189404961740564" lon="-2.3141788519127675">
        <ele>81.0</ele>
      </trkpt>
      <trkpt lat="53.189349080879495" lon="-2.3137383498619903">
        <ele>80.6</ele>
      </trkpt>
      <trkpt lat="53.189291013044475" lon="-2.313298705062633">
        <ele>79.9</ele>
      </trkpt>
      <trkpt lat="53.18921755970071" lon="-2.3128655416762345">
        <ele>78.8</ele>
      </trkpt>
      <trkpt lat="53.1891333941884" lon="-2.312437735393363">
        <ele>77.7</ele>
      </trkpt>
      <trkpt lat="53.18906000626365" lon="-2.3120048440997136">
        <ele>76.7</ele>
      </trkpt>
      <trkpt lat="53.18901820708639" lon="-2.3115601007077307">
        <ele>75.9</ele>
      </trkpt>
      <trkpt lat="53.189005839411585" lon="-2.3111108705664973">
        <ele>75.6</ele>
      </trkpt>
      <trkpt lat="53.189003096366925" lon="-2.310660676896037">
        <ele>75.5</ele>
      </trkpt>
      <trkpt lat="53.18896875918931" lon="-2.3102144597275864">
        <ele>75.7</ele>
      </trkpt>
      <trkpt lat="53.18890190430902" lon="-2.309778341742379">
        <ele>75.8</ele>
      </trkpt>
      <trkpt lat="53.188830520729425" lon="-2.309344156659574">
        <ele>75.9</ele>
      </trkpt>
      <trkpt lat="53.18876515452599" lon="-2.3089073007390857">
        <ele>76.1</ele>
      </trkpt>
      <trkpt lat="53.18870637085026" lon="-2.3084681012688577">
        <ele>76.2</ele>
      </trkpt>
      <trkpt lat="53.18867050917227" lon="-2.3080218989016252">
        <ele>76.4</ele>
      </trkpt>
      <trkpt lat="53.188628232470585" lon="-2.3075772872349796">
        <ele>76.4</ele>
      </trkpt>
      <trkpt lat="53.18855509221681" lon="-2.307144220543269">
        <ele>76.5</ele>
      </trkpt>
      <trkpt lat="53.18844992109076" lon="-2.306730154555694">
        <ele>76.7</ele>
      </trkpt>
      <trkpt lat="53.18832700978195" lon="-2.3063294412138187">
        <ele>77.2</ele>
      </trkpt>
      <trkpt lat="53.18822587611914" lon="-2.3059122242042607">
        <ele>77.7</ele>
      </trkpt>
      <trkpt lat="53.18813333144561" lon="-2.305489293380629">
        <ele>77.9</ele>
      </trkpt>
      <trkpt lat="53.1880465792437" lon="-2.3050629363584285">
        <ele>78.0</ele>
      </trkpt>
      <trkpt lat="53.18796131493477" lon="-2.3046357505294948">
        <ele>78.0</ele>
      </trkpt>
      <trkpt lat="53.18788190686328" lon="-2.3042054404264465">
        <ele>77.8</ele>
      </trkpt>
      <trkpt lat="53.187794471314646" lon="-2.3037795029637">
        <ele>77.7</ele>
      </trkpt>
      <trkpt lat="53.1876938709904" lon="-2.303361993821278">
        <ele>77.7</ele>
      </trkpt>
      <trkpt lat="53.187565291987845" lon="-2.302966665402651">
        <ele>77.7</ele>
      </trkpt>
      <trkpt lat="53.18740877006591" lon="-2.302600190196103">
        <ele>77.7</ele>
      </trkpt>
      <trkpt lat="53.187243948110904" lon="-2.302243791859094">
        <ele>77.9</ele>
      </trkpt>
      <trkpt lat="53.18707050646422" lon="-2.301898983270605">
        <ele>78.3</ele>
      </trkpt>
      <trkpt lat="53.18689615572291" lon="-2.3015554443566">
        <ele>78.7</ele>
      </trkpt>
      <trkpt lat="53.18672263971676" lon="-2.3012107308723655">
        <ele>78.9</ele>
      </trkpt>
      <trkpt lat="53.18655338307508" lon="-2.3008601468186303">
        <ele>78.9</ele>
      </trkpt>
      <trkpt lat="53.18637971853452" lon="-2.300515595688266">
        <ele>78.7</ele>
      </trkpt>
      <trkpt lat="53.18619811252925" lon="-2.3001826798102516">
        <ele>78.8</ele>
      </trkpt>
      <trkpt lat="53.1860104634943" lon="-2.2998592591619196">
        <ele>79.1</ele>
      </trkpt>
      <trkpt lat="53.185828671947085" lon="-2.299526781595552">
        <ele>79.4</ele>
      </trkpt>
      <trkpt lat="53.18564351577184" lon="-2.2991994454567344">
        <ele>79.7</ele>
      </trkpt>
      <trkpt lat="53.18546142755364" lon="-2.29886724518187">
        <ele>80.1</ele>
      </trkpt>
      <trkpt lat="53.18528204567651" lon="-2.2985309389849378">
        <ele>80.5</ele>
      </trkpt>
      <trkpt lat="53.185098161413634" lon="-2.298201560374924">
        <ele>80.7</ele>
      </trkpt>
      <trkpt lat="53.18490594115895" lon="-2.297885744546488">
        <ele>80.7</ele>
      </trkpt>
      <trkpt lat="53.18471355617149" lon="-2.2975702496073147">
        <ele>80.9</ele>
      </trkpt>
      <trkpt lat="53.184519575455894" lon="-2.2972576592716862">
        <ele>81.3</ele>
      </trkpt>
      <trkpt lat="53.184339624096545" lon="-2.29692246049585">
        <ele>81.7</ele>
      </trkpt>
      <trkpt lat="53.18415744705899" lon="-2.2965904008545563">
        <ele>82.0</ele>
      </trkpt>
      <trkpt lat="53.18397543791239" lon="-2.296258077231794">
        <ele>82.3</ele>
      </trkpt>
      <trkpt lat="53.18379811002328" lon="-2.295918855258463">
        <ele>82.5</ele>
      </trkpt>
      <trkpt lat="53.183612854803144" lon="-2.2955917691927845">
        <ele>82.6</ele>
      </trkpt>
      <trkpt lat="53.18342515448485" lon="-2.295268464447637">
        <ele>82.8</ele>
      </trkpt>
      <trkpt lat="53.18323704785489" lon="-2.2949459324233135">
        <ele>82.9</ele>
      </trkpt>
      <trkpt lat="53.18306347964307" lon="-2.2946019636748685">
        <ele>83.0</ele>
      </trkpt>
      <trkpt lat="53.18292944929294" lon="-2.2942120992248696">
        <ele>83.0</ele>
      </trkpt>
      <trkpt lat="53.18281176577511" lon="-2.2938070971355566">
        <ele>82.9</ele>
      </trkpt>
      <trkpt lat="53.18269999773593" lon="-2.293397336947216">
        <ele>82.9</ele>
      </trkpt>
      <trkpt lat="53.18258049603866" lon="-2.2929938826950416">
        <ele>83.0</ele>
      </trkpt>
      <trkpt lat="53.18245984750564" lon="-2.2925913534280156">
        <ele>83.4</ele>
      </trkpt>
      <trkpt lat="53.18234072969117" lon="-2.2921879797413336">
        <ele>83.9</ele>
      </trkpt>
      <trkpt lat="53.18220586337734" lon="-2.291798221521679">
        <ele>84.4</ele>
      </trkpt>
      <trkpt lat="53.18206889641093" lon="-2.2914104774429336">
        <ele>84.6</ele>
      </trkpt>
      <trkpt lat="53.181924168914456" lon="-2.2910305822193204">
        <ele>84.6</ele>
      </trkpt>
      <trkpt lat="53.181772089598844" lon="-2.290658803549061">
        <ele>84.6</ele>
      </trkpt>
      <trkpt lat="53.18160728206732" lon="-2.2903026507296134">
        <ele>84.6</ele>
      </trkpt>
      <trkpt lat="53.18145464396359" lon="-2.2899316839312687">
        <ele>84.7</ele>
      </trkpt>
      <trkpt lat="53.18129477824839" lon="-2.289569232761169">
        <ele>84.9</ele>
      </trkpt>
      <trkpt lat="53.18113454930142" lon="-2.2892070495679873">
        <ele>84.9</ele>
      </trkpt>
      <trkpt lat="53.18096487852755" lon="-2.288857080119127">
        <ele>84.8</ele>
      </trkpt>
      <trkpt lat="53.18079518070692" lon="-2.288507110425614">
        <ele>84.7</ele>
      </trkpt>
      <trkpt lat="53.18062546363529" lon="-2.2881572409259103">
        <ele>84.6</ele>
      </trkpt>
      <trkpt lat="53.18045623044816" lon="-2.2878068297194165">
        <ele>84.5</ele>
      </trkpt>
      <trkpt lat="53.18027222480256" lon="-2.2874776212256087">
        <ele>84.3</ele>
      </trkpt>
      <trkpt lat="53.1800819581311" lon="-2.287158555679195">
        <ele>84.2</ele>
      </trkpt>
      <trkpt lat="53.17987671835685" lon="-2.2868669509034505">
        <ele>84.3</ele>
      </trkpt>
      <trkpt lat="53.17966052218111" lon="-2.2865977960075603">
        <ele>84.6</ele>
      </trkpt>
      <trkpt lat="53.17943630494218" lon="-2.286347513680733">
        <ele>84.9</ele>
      </trkpt>
      <trkpt lat="53.17922280638578" lon="-2.28607317522991">
        <ele>84.9</ele>
      </trkpt>
      <trkpt lat="53.179024124226004" lon="-2.285768641033778">
        <ele>84.9</ele>
      </trkpt>
      <trkpt lat="53.17882913243393" lon="-2.2854576561763587">
        <ele>85.1</ele>
      </trkpt>
      <trkpt lat="53.1786241208864" lon="-2.285165182940283">
        <ele>85.6</ele>
      </trkpt>
      <trkpt lat="53.178416774530376" lon="-2.2848771712042972">
        <ele>85.9</ele>
      </trkpt>
      <trkpt lat="53.17821132002599" lon="-2.284585409126887">
        <ele>85.9</ele>
      </trkpt>
      <trkpt lat="53.17800024929874" lon="-2.2843051237118703">
        <ele>85.9</ele>
      </trkpt>
      <trkpt lat="53.1777814297034" lon="-2.2840418209758626">
        <ele>85.9</ele>
      </trkpt>
      <trkpt lat="53.17755672322757" lon="-2.283792938112691">
        <ele>86.1</ele>
      </trkpt>
      <trkpt lat="53.17731464716348" lon="-2.2835951280049116">
        <ele>86.4</ele>
      </trkpt>
      <trkpt lat="53.177065645940246" lon="-2.283422640473424">
        <ele>86.6</ele>
      </trkpt>
      <trkpt lat="53.17681009882716" lon="-2.283278349178011">
        <ele>86.5</ele>
      </trkpt>
      <trkpt lat="53.17655331968072" lon="-2.2831402224747417">
        <ele>86.1</ele>
      </trkpt>
      <trkpt lat="53.17629975942532" lon="-2.2829867941209216">
        <ele>85.6</ele>
      </trkpt>
      <trkpt lat="53.176050059096205" lon="-2.282816733791237">
        <ele>85.3</ele>
      </trkpt>
      <trkpt lat="53.17580584110415" lon="-2.2826255683334358">
        <ele>85.3</ele>
      </trkpt>
      <trkpt lat="53.17555518152456" lon="-2.282459321709935">
        <ele>85.6</ele>
      </trkpt>
      <trkpt lat="53.17530978442962" lon="-2.2822723817183372">
        <ele>86.1</ele>
      </trkpt>
      <trkpt lat="53.17507393921029" lon="-2.2820539153661796">
        <ele>86.6</ele>
      </trkpt>
      <trkpt lat="53.17485113232471" lon="-2.2818006947197986">
        <ele>87.1</ele>
      </trkpt>
      <trkpt lat="53.17464402822424" lon="-2.2815124967308242">
        <ele>87.4</ele>
      </trkpt>
      <trkpt lat="53.174460913678985" lon="-2.2811822353685853">
        <ele>87.7</ele>
      </trkpt>
      <trkpt lat="53.17428489844163" lon="-2.2808412024582365">
        <ele>87.8</ele>
      </trkpt>
      <trkpt lat="53.17413292135857" lon="-2.2804697590323855">
        <ele>87.8</ele>
      </trkpt>
      <trkpt lat="53.17398730739775" lon="-2.2800908613692283">
        <ele>87.9</ele>
      </trkpt>
      <trkpt lat="53.173855782831474" lon="-2.279698301342455">
        <ele>88.1</ele>
      </trkpt>
      <trkpt lat="53.173732814514324" lon="-2.2792978076956825">
        <ele>88.4</ele>
      </trkpt>
      <trkpt lat="53.17360949264175" lon="-2.2788975026664793">
        <ele>88.6</ele>
      </trkpt>
      <trkpt lat="53.17349569580483" lon="-2.2784894957755317">
        <ele>88.7</ele>
      </trkpt>
      <trkpt lat="53.173389145844475" lon="-2.2780760285654496">
        <ele>88.8</ele>
      </trkpt>
      <trkpt lat="53.173283295786234" lon="-2.277662008011556">
        <ele>89.0</ele>
      </trkpt>
      <trkpt lat="53.17318453826802" lon="-2.277243190815423">
        <ele>89.4</ele>
      </trkpt>
      <trkpt lat="53.17309436421626" lon="-2.276819039240733">
        <ele>90.0</ele>
      </trkpt>
      <trkpt lat="53.17300482853065" lon="-2.276394570528192">
        <ele>90.8</ele>
      </trkpt>
      <trkpt lat="53.172918713076555" lon="-2.2759680273266585">
        <ele>91.4</ele>
      </trkpt>
      <trkpt lat="53.172840501319286" lon="-2.275537389464547">
        <ele>91.7</ele>
      </trkpt>
      <trkpt lat="53.1727622447379" lon="-2.275107079686363">
        <ele>91.9</ele>
      </trkpt>
      <trkpt lat="53.17268829690488" lon="-2.2746744360062787">
        <ele>91.9</ele>
      </trkpt>
      <trkpt lat="53.17261959894228" lon="-2.274239335384834">
        <ele>91.8</ele>
      </trkpt>
      <trkpt lat="53.17255202675848" lon="-2.273803745482652">
        <ele>91.7</ele>
      </trkpt>
      <trkpt lat="53.17249226281608" lon="-2.2733649345191242">
        <ele>91.6</ele>
      </trkpt>
      <trkpt lat="53.172428606831765" lon="-2.2729276752775363">
        <ele>91.7</ele>
      </trkpt>
      <trkpt lat="53.172370386723244" lon="-2.272488202721026">
        <ele>91.8</ele>
      </trkpt>
      <trkpt lat="53.17232792904235" lon="-2.2720437215030733">
        <ele>91.8</ele>
      </trkpt>
      <trkpt lat="53.172282934145095" lon="-2.2715999785877066">
        <ele>91.7</ele>
      </trkpt>
      <trkpt lat="53.17224379233654" lon="-2.271154659918091">
        <ele>91.7</ele>
      </trkpt>
      <trkpt lat="53.172207784453434" lon="-2.270708694893637">
        <ele>91.8</ele>
      </trkpt>
      <trkpt lat="53.17219459341977" lon="-2.270259215455847">
        <ele>91.8</ele>
      </trkpt>
      <trkpt lat="53.172198059138935" lon="-2.26980925399221">
        <ele>91.8</ele>
      </trkpt>
      <trkpt lat="53.172202354607045" lon="-2.269359267063603">
        <ele>91.7</ele>
      </trkpt>
      <trkpt lat="53.172233193056236" lon="-2.2689124629637205">
        <ele>91.6</ele>
      </trkpt>
      <trkpt lat="53.17227624547905" lon="-2.268468170559976">
        <ele>91.4</ele>
      </trkpt>
      <trkpt lat="53.172333819225805" lon="-2.26802857896774">
        <ele>91.2</ele>
      </trkpt>
      <trkpt lat="53.172396761934344" lon="-2.2675909748472227">
        <ele>91.0</ele>
      </trkpt>
      <trkpt lat="53.17246816355093" lon="-2.2671569916496144">
        <ele>90.8</ele>
      </trkpt>
      <trkpt lat="53.17252172890269" lon="-2.266716054287285">
        <ele>90.5</ele>
      </trkpt>
      <trkpt lat="53.172548772217795" lon="-2.2662684268482667">
        <ele>90.2</ele>
      </trkpt>
      <trkpt lat="53.172557598202395" lon="-2.265819417476857">
        <ele>90.0</ele>
      </trkpt>
      <trkpt lat="53.17252977372321" lon="-2.2653718205001225">
        <ele>90.0</ele>
      </trkpt>
      <trkpt lat="53.17249689541483" lon="-2.264925069729105">
        <ele>89.9</ele>
      </trkpt>
      <trkpt lat="53.172460135273795" lon="-2.2644793175681017">
        <ele>89.7</ele>
      </trkpt>
      <trkpt lat="53.17239364496003" lon="-2.2640434011500985">
        <ele>89.4</ele>
      </trkpt>
      <trkpt lat="53.17231383266788" lon="-2.2636139647178015">
        <ele>89.2</ele>
      </trkpt>
      <trkpt lat="53.17219749980709" lon="-2.263208177181854">
        <ele>89.1</ele>
      </trkpt>
      <trkpt lat="53.17206163248891" lon="-2.2628195430924882">
        <ele>88.9</ele>
      </trkpt>
      <trkpt lat="53.17189841055363" lon="-2.2624613010650894">
        <ele>88.6</ele>
      </trkpt>
      <trkpt lat="53.17172273968315" lon="-2.2621199504886604">
        <ele>88.1</ele>
      </trkpt>
      <trkpt lat="53.17153872219518" lon="-2.261790830087034">
        <ele>87.6</ele>
      </trkpt>
      <trkpt lat="53.17137295479392" lon="-2.26143595731532">
        <ele>87.3</ele>
      </trkpt>
      <trkpt lat="53.17121784380852" lon="-2.2610676863038255">
        <ele>87.0</ele>
      </trkpt>
      <trkpt lat="53.17107486471077" lon="-2.260686575493054">
        <ele>86.8</ele>
      </trkpt>
      <trkpt lat="53.17096123472725" lon="-2.2602786327710276">
        <ele>86.8</ele>
      </trkpt>
      <trkpt lat="53.17099438687619" lon="-2.259857983815037">
        <ele>86.8</ele>
      </trkpt>
      <trkpt lat="53.17123816023336" lon="-2.259694366559162">
        <ele>86.9</ele>
      </trkpt>
      <trkpt lat="53.17150783394845" lon="-2.2596951564704786">
        <ele>87.0</ele>
      </trkpt>
      <trkpt lat="53.17177607165277" lon="-2.259743331927932">
        <ele>87.2</ele>
      </trkpt>
      <trkpt lat="53.17204425367945" lon="-2.25979150975652">
        <ele>87.3</ele>
      </trkpt>
      <trkpt lat="53.17231245595336" lon="-2.2598395793518584">
        <ele>87.3</ele>
      </trkpt>
      <trkpt lat="53.172580602053394" lon="-2.2598884677935405">
        <ele>87.3</ele>
      </trkpt>
      <trkpt lat="53.17284916655465" lon="-2.2599308686280106">
        <ele>87.3</ele>
      </trkpt>
      <trkpt lat="53.17311779966763" lon="-2.2599718948972947">
        <ele>87.7</ele>
      </trkpt>
      <trkpt lat="53.17338703448244" lon="-2.2600004075586266">
        <ele>88.3</ele>
      </trkpt>
      <trkpt lat="53.173656605173434" lon="-2.260005934406475">
        <ele>88.9</ele>
      </trkpt>
      <trkpt lat="53.17392589661449" lon="-2.2599793479520285">
        <ele>89.5</ele>
      </trkpt>
      <trkpt lat="53.17419253606869" lon="-2.2599164318671203">
        <ele>90.1</ele>
      </trkpt>
      <trkpt lat="53.174453930421144" lon="-2.2598055260256213">
        <ele>90.6</ele>
      </trkpt>
      <trkpt lat="53.1747088052585" lon="-2.2596584274949296">
        <ele>91.0</ele>
      </trkpt>
      <trkpt lat="53.17495494767019" lon="-2.2594744666778883">
        <ele>91.2</ele>
      </trkpt>
      <trkpt lat="53.1751896251133" lon="-2.2592528900771085">
        <ele>91.2</ele>
      </trkpt>
      <trkpt lat="53.17540956171304" lon="-2.2589926828377984">
        <ele>91.1</ele>
      </trkpt>
      <trkpt lat="53.17561379917044" lon="-2.258699180342809">
        <ele>90.9</ele>
      </trkpt>
      <trkpt lat="53.1758027627588" lon="-2.2583780213247224">
        <ele>90.8</ele>
      </trkpt>
      <trkpt lat="53.175972432550886" lon="-2.258028322369568">
        <ele>90.7</ele>
      </trkpt>
      <trkpt lat="53.17612243004574" lon="-2.2576543958155675">
        <ele>90.6</ele>
      </trkpt>
      <trkpt lat="53.17624741793086" lon="-2.2572557799068784">
        <ele>90.5</ele>
      </trkpt>
      <trkpt lat="53.1763534175613" lon="-2.256842075172768">
        <ele>90.3</ele>
      </trkpt>
      <trkpt lat="53.17643948540015" lon="-2.2564155717145082">
        <ele>90.1</ele>
      </trkpt>
      <trkpt lat="53.17649640351224" lon="-2.255975762770607">
        <ele>89.7</ele>
      </trkpt>
      <trkpt lat="53.17652731993086" lon="-2.255528832860524">
        <ele>89.2</ele>
      </trkpt>
      <trkpt lat="53.17653665555336" lon="-2.255079171549427">
        <ele>88.7</ele>
      </trkpt>
      <trkpt lat="53.17651539053311" lon="-2.2546305009610665">
        <ele>88.2</ele>
      </trkpt>
      <trkpt lat="53.17647255941784" lon="-2.2541864766594055">
        <ele>87.7</ele>
      </trkpt>
      <trkpt lat="53.17640203509427" lon="-2.2537520450909714">
        <ele>87.1</ele>
      </trkpt>
      <trkpt lat="53.17631894547621" lon="-2.2533238364021133">
        <ele>86.6</ele>
      </trkpt>
      <trkpt lat="53.17622543196095" lon="-2.2529017992953992">
        <ele>86.1</ele>
      </trkpt>
      <trkpt lat="53.176127204871165" lon="-2.252482718729565">
        <ele>85.7</ele>
      </trkpt>
      <trkpt lat="53.17603546290971" lon="-2.252059440134498">
        <ele>85.6</ele>
      </trkpt>
      <trkpt lat="53.17594631163266" lon="-2.251634587928587">
        <ele>85.8</ele>
      </trkpt>
      <trkpt lat="53.17586418937085" lon="-2.2512059087556655">
        <ele>86.3</ele>
      </trkpt>
      <trkpt lat="53.1757982351722" lon="-2.2507694994332597">
        <ele>87.3</ele>
      </trkpt>
      <trkpt lat="53.175741328554764" lon="-2.2503295718937735">
        <ele>88.5</ele>
      </trkpt>
      <trkpt lat="53.175699739082546" lon="-2.249884888952542">
        <ele>89.7</ele>
      </trkpt>
      <trkpt lat="53.175663140427915" lon="-2.249439068843412">
        <ele>90.6</ele>
      </trkpt>
      <trkpt lat="53.17564013270232" lon="-2.248990588939268">
        <ele>91.3</ele>
      </trkpt>
      <trkpt lat="53.175631603892505" lon="-2.2485407343976744">
        <ele>91.9</ele>
      </trkpt>
      <trkpt lat="53.175629678282284" lon="-2.248090672341069">
        <ele>92.6</ele>
      </trkpt>
      <trkpt lat="53.17563578293232" lon="-2.247640878537723">
        <ele>93.4</ele>
      </trkpt>
      <trkpt lat="53.17565727171641" lon="-2.2471922091586363">
        <ele>94.2</ele>
      </trkpt>
      <trkpt lat="53.17568339690798" lon="-2.246744435666706">
        <ele>94.9</ele>
      </trkpt>
      <trkpt lat="53.17571903447321" lon="-2.2462982971402896">
        <ele>95.5</ele>
      </trkpt>
      <trkpt lat="53.17575744343181" lon="-2.2458527548511587">
        <ele>96.1</ele>
      </trkpt>
      <trkpt lat="53.175790927985545" lon="-2.2454061419227993">
        <ele>96.4</ele>
      </trkpt>
      <trkpt lat="53.17582205062224" lon="-2.2449590212801382">
        <ele>96.7</ele>
      </trkpt>
      <trkpt lat="53.17585590488256" lon="-2.2445125024255024">
        <ele>97.0</ele>
      </trkpt>
      <trkpt lat="53.17589344872863" lon="-2.244066746062219">
        <ele>97.5</ele>
      </trkpt>
      <trkpt lat="53.175927006189376" lon="-2.2436201722666613">
        <ele>98.1</ele>
      </trkpt>
      <trkpt lat="53.17596294288097" lon="-2.2431740776664237">
        <ele>98.7</ele>
      </trkpt>
      <trkpt lat="53.176042064006836" lon="-2.242750513275694">
        <ele>99.1</ele>
      </trkpt>
      <trkpt lat="53.17615200603138" lon="-2.2423559927857126">
        <ele>99.4</ele>
      </trkpt>
      <trkpt lat="53.17605466878856" lon="-2.2419411913782015">
        <ele>99.6</ele>
      </trkpt>
      <trkpt lat="53.17600397627109" lon="-2.2415016643281644">
        <ele>99.5</ele>
      </trkpt>
      <trkpt lat="53.175992684696396" lon="-2.2410519251620653">
        <ele>99.1</ele>
      </trkpt>
      <trkpt lat="53.17600096551161" lon="-2.2406022711065083">
        <ele>98.7</ele>
      </trkpt>
      <trkpt lat="53.17603140665602" lon="-2.2401550063557965">
        <ele>98.2</ele>
      </trkpt>
      <trkpt lat="53.176073623063154" lon="-2.239710497410745">
        <ele>97.7</ele>
      </trkpt>
      <trkpt lat="53.17613570685707" lon="-2.2392726223772197">
        <ele>97.2</ele>
      </trkpt>
      <trkpt lat="53.17620509504606" lon="-2.238837726300339">
        <ele>96.5</ele>
      </trkpt>
      <trkpt lat="53.176293743471696" lon="-2.2384127441299575">
        <ele>95.8</ele>
      </trkpt>
      <trkpt lat="53.17639950528383" lon="-2.2379986861903687">
        <ele>95.0</ele>
      </trkpt>
      <trkpt lat="53.176515595464494" lon="-2.2375924350860665">
        <ele>94.3</ele>
      </trkpt>
      <trkpt lat="53.17664513287022" lon="-2.2371977277953494">
        <ele>93.7</ele>
      </trkpt>
      <trkpt lat="53.17679103640333" lon="-2.2368191747419583">
        <ele>93.2</ele>
      </trkpt>
      <trkpt lat="53.17694405080894" lon="-2.236448428827807">
        <ele>92.7</ele>
      </trkpt>
      <trkpt lat="53.177099589996565" lon="-2.2360806419218506">
        <ele>91.9</ele>
      </trkpt>
      <trkpt lat="53.1772569664935" lon="-2.2357150147953018">
        <ele>90.8</ele>
      </trkpt>
      <trkpt lat="53.17741206525523" lon="-2.2353466820828216">
        <ele>89.4</ele>
      </trkpt>
      <trkpt lat="53.177567497307805" lon="-2.2349787442892612">
        <ele>88.0</ele>
      </trkpt>
      <trkpt lat="53.177727416646064" lon="-2.2346161912554505">
        <ele>86.5</ele>
      </trkpt>
      <trkpt lat="53.17788820892775" lon="-2.234254716929861">
        <ele>85.0</ele>
      </trkpt>
      <trkpt lat="53.17804475654137" lon="-2.23388814600133">
        <ele>83.3</ele>
      </trkpt>
      <trkpt lat="53.17819449334811" lon="-2.233513736733358">
        <ele>81.6</ele>
      </trkpt>
      <trkpt lat="53.17833015665887" lon="-2.233124802261381">
        <ele>80.2</ele>
      </trkpt>
      <trkpt lat="53.178456695920694" lon="-2.2327272357193895">
        <ele>79.3</ele>
      </trkpt>
      <trkpt lat="53.17857017542107" lon="-2.232318883763414">
        <ele>78.9</ele>
      </trkpt>
      <trkpt lat="53.178677949455796" lon="-2.2319063974709366">
        <ele>79.0</ele>
      </trkpt>
      <trkpt lat="53.17884086436759" lon="-2.231556228758534">
        <ele>79.5</ele>
      </trkpt>
      <trkpt lat="53.17901037838683" lon="-2.231222319153049">
        <ele>80.1</ele>
      </trkpt>
      <trkpt lat="53.178959664676846" lon="-2.2307853650698393">
        <ele>80.4</ele>
      </trkpt>
      <trkpt lat="53.17895563331203" lon="-2.2303385788007946">
        <ele>80.4</ele>
      </trkpt>
      <trkpt lat="53.17898166980739" lon="-2.2298905528184925">
        <ele>80.4</ele>
      </trkpt>
      <trkpt lat="53.17901395978679" lon="-2.22944370671154">
        <ele>80.7</ele>
      </trkpt>
      <trkpt lat="53.17905333033331" lon="-2.2289983641498075">
        <ele>81.2</ele>
      </trkpt>
      <trkpt lat="53.17910330512548" lon="-2.2285560057431613">
        <ele>81.6</ele>
      </trkpt>
      <trkpt lat="53.17916113915794" lon="-2.2281165277964465">
        <ele>82.3</ele>
      </trkpt>
      <trkpt lat="53.17922960072324" lon="-2.2276811197681132">
        <ele>83.4</ele>
      </trkpt>
      <trkpt lat="53.17930508685618" lon="-2.227248964035706">
        <ele>84.8</ele>
      </trkpt>
      <trkpt lat="53.179381211650046" lon="-2.2268171005276325">
        <ele>86.4</ele>
      </trkpt>
      <trkpt lat="53.17946301532324" lon="-2.226388135755998">
        <ele>88.0</ele>
      </trkpt>
      <trkpt lat="53.17954579571598" lon="-2.225959908911872">
        <ele>89.5</ele>
      </trkpt>
      <trkpt lat="53.179638102200926" lon="-2.225537915696127">
        <ele>90.7</ele>
      </trkpt>
      <trkpt lat="53.1797475455825" lon="-2.225126616791134">
        <ele>91.7</ele>
      </trkpt>
      <trkpt lat="53.17985357787024" lon="-2.224712673578706">
        <ele>92.5</ele>
      </trkpt>
      <trkpt lat="53.17997024315112" lon="-2.224306874399912">
        <ele>93.5</ele>
      </trkpt>
      <trkpt lat="53.18009199069979" lon="-2.2239052091870284">
        <ele>94.3</ele>
      </trkpt>
      <trkpt lat="53.18021775877238" lon="-2.223507027614195">
        <ele>95.0</ele>
      </trkpt>
      <trkpt lat="53.180349494118126" lon="-2.2231141812594792">
        <ele>95.7</ele>
      </trkpt>
      <trkpt lat="53.1804889119086" lon="-2.2227288004875603">
        <ele>96.2</ele>
      </trkpt>
      <trkpt lat="53.18062905569936" lon="-2.222344119317768">
        <ele>96.7</ele>
      </trkpt>
      <trkpt lat="53.18077479014077" lon="-2.2219653009725007">
        <ele>97.3</ele>
      </trkpt>
      <trkpt lat="53.18092658009049" lon="-2.2215933812128066">
        <ele>97.7</ele>
      </trkpt>
      <trkpt lat="53.18107112709979" lon="-2.221213306488067">
        <ele>98.0</ele>
      </trkpt>
      <trkpt lat="53.18121522499637" lon="-2.220832757955755">
        <ele>98.4</ele>
      </trkpt>
      <trkpt lat="53.18135751186278" lon="-2.2204502619035194">
        <ele>98.8</ele>
      </trkpt>
      <trkpt lat="53.1814944806379" lon="-2.220062453371604">
        <ele>99.2</ele>
      </trkpt>
      <trkpt lat="53.181622416520554" lon="-2.2196661248455363">
        <ele>99.9</ele>
      </trkpt>
      <trkpt lat="53.1817518082984" lon="-2.219271173310172">
        <ele>100.6</ele>
      </trkpt>
      <trkpt lat="53.18187367488065" lon="-2.21886953777425">
        <ele>101.3</ele>
      </trkpt>
      <trkpt lat="53.18199852818607" lon="-2.2184704723930175">
        <ele>102.0</ele>
      </trkpt>
      <trkpt lat="53.18211357465442" lon="-2.2180633435053116">
        <ele>102.9</ele>
      </trkpt>
      <trkpt lat="53.18222714905283" lon="-2.2176549782371673">
        <ele>104.0</ele>
      </trkpt>
      <trkpt lat="53.18233692320803" lon="-2.2172437773248865">
        <ele>105.6</ele>
      </trkpt>
      <trkpt lat="53.182434559143516" lon="-2.2168241807396476">
        <ele>107.3</ele>
      </trkpt>
      <trkpt lat="53.18252895956028" lon="-2.216402584936657">
        <ele>108.9</ele>
      </trkpt>
      <trkpt lat="53.182614077341476" lon="-2.215975452739414">
        <ele>110.3</ele>
      </trkpt>
      <trkpt lat="53.182690189478606" lon="-2.2155436591200193">
        <ele>111.8</ele>
      </trkpt>
      <trkpt lat="53.18275946887423" lon="-2.2151085803875716">
        <ele>113.2</ele>
      </trkpt>
      <trkpt lat="53.1828220208135" lon="-2.2146707176075804">
        <ele>114.4</ele>
      </trkpt>
      <trkpt lat="53.18287949392012" lon="-2.2142309451504856">
        <ele>115.6</ele>
      </trkpt>
      <trkpt lat="53.18293036336234" lon="-2.2137889942922753">
        <ele>116.6</ele>
      </trkpt>
      <trkpt lat="53.18296565417438" lon="-2.213342787305439">
        <ele>117.6</ele>
      </trkpt>
      <trkpt lat="53.182999804583304" lon="-2.2128962470107227">
        <ele>118.4</ele>
      </trkpt>
      <trkpt lat="53.183030397434976" lon="-2.212449056861569">
        <ele>119.1</ele>
      </trkpt>
      <trkpt lat="53.18304088134293" lon="-2.211999320893372">
        <ele>119.9</ele>
      </trkpt>
      <trkpt lat="53.183123113760885" lon="-2.2115909487692127">
        <ele>120.6</ele>
      </trkpt>
      <trkpt lat="53.183378018045715" lon="-2.2114849225777755">
        <ele>121.2</ele>
      </trkpt>
      <trkpt lat="53.183639360598775" lon="-2.2115949977519427">
        <ele>121.3</ele>
      </trkpt>
      <trkpt lat="53.18389294755047" lon="-2.2117483088308756">
        <ele>121.0</ele>
      </trkpt>
      <trkpt lat="53.184134328725214" lon="-2.2119482783525943">
        <ele>120.5</ele>
      </trkpt>
      <trkpt lat="53.1843664337904" lon="-2.21217780134301">
        <ele>119.9</ele>
      </trkpt>
      <trkpt lat="53.18459219941641" lon="-2.2124239927799056">
        <ele>119.4</ele>
      </trkpt>
      <trkpt lat="53.18481427884182" lon="-2.212679639312424">
        <ele>119.0</ele>
      </trkpt>
      <trkpt lat="53.185036898149555" lon="-2.2129339707804623">
        <ele>118.5</ele>
      </trkpt>
      <trkpt lat="53.185261844469366" lon="-2.2131825172780397">
        <ele>117.7</ele>
      </trkpt>
      <trkpt lat="53.18549136600123" lon="-2.213418939952152">
        <ele>116.8</ele>
      </trkpt>
      <trkpt lat="53.18571865406505" lon="-2.213661316447276">
        <ele>115.8</ele>
      </trkpt>
      <trkpt lat="53.185944359863626" lon="-2.2139078424229104">
        <ele>114.6</ele>
      </trkpt>
      <trkpt lat="53.186171336415704" lon="-2.2141512315195166">
        <ele>113.4</ele>
      </trkpt>
      <trkpt lat="53.18638923503318" lon="-2.2144166686519635">
        <ele>112.4</ele>
      </trkpt>
      <trkpt lat="53.186601084408665" lon="-2.2146954584760996">
        <ele>111.5</ele>
      </trkpt>
      <trkpt lat="53.18681787575959" lon="-2.2149632726756088">
        <ele>110.9</ele>
      </trkpt>
      <trkpt lat="53.187052826475046" lon="-2.215183330629529">
        <ele>110.4</ele>
      </trkpt>
      <trkpt lat="53.18730959065026" lon="-2.215317501749923">
        <ele>110.3</ele>
      </trkpt>
      <trkpt lat="53.18757536927139" lon="-2.215394036976393">
        <ele>110.6</ele>
      </trkpt>
      <trkpt lat="53.18784196895265" lon="-2.215462952425477">
        <ele>111.3</ele>
      </trkpt>
      <trkpt lat="53.18810813912683" lon="-2.215536089686397">
        <ele>112.4</ele>
      </trkpt>
      <trkpt lat="53.18837522974748" lon="-2.215598719317332">
        <ele>113.3</ele>
      </trkpt>
      <trkpt lat="53.1886434082295" lon="-2.2156478251378586">
        <ele>113.8</ele>
      </trkpt>
      <trkpt lat="53.18891195452612" lon="-2.215691105507737">
        <ele>113.8</ele>
      </trkpt>
      <trkpt lat="53.189177850850875" lon="-2.2157662327857053">
        <ele>113.6</ele>
      </trkpt>
      <trkpt lat="53.18944160366392" lon="-2.2158608368576496">
        <ele>113.7</ele>
      </trkpt>
      <trkpt lat="53.18970317721148" lon="-2.215971036056705">
        <ele>114.0</ele>
      </trkpt>
      <trkpt lat="53.189961373588204" lon="-2.216100866307528">
        <ele>114.2</ele>
      </trkpt>
      <trkpt lat="53.190204803833744" lon="-2.2162940591666542">
        <ele>114.4</ele>
      </trkpt>
      <trkpt lat="53.19042998486843" lon="-2.2165412804898192">
        <ele>114.3</ele>
      </trkpt>
      <trkpt lat="53.19063871873762" lon="-2.2168263569675584">
        <ele>113.8</ele>
      </trkpt>
      <trkpt lat="53.19083814911643" lon="-2.217129320202654">
        <ele>113.4</ele>
      </trkpt>
      <trkpt lat="53.19103582650476" lon="-2.2174355712049056">
        <ele>113.3</ele>
      </trkpt>
      <trkpt lat="53.19122192231826" lon="-2.2177615347937096">
        <ele>113.4</ele>
      </trkpt>
      <trkpt lat="53.191407555756385" lon="-2.2180882984426704">
        <ele>113.4</ele>
      </trkpt>
      <trkpt lat="53.19160042124641" lon="-2.2184028034371077">
        <ele>113.2</ele>
      </trkpt>
      <trkpt lat="53.191808337706874" lon="-2.2186896384397774">
        <ele>113.0</ele>
      </trkpt>
      <trkpt lat="53.19203336603336" lon="-2.2189373797557863">
        <ele>112.9</ele>
      </trkpt>
      <trkpt lat="53.19227280188371" lon="-2.2191445902589537">
        <ele>113.0</ele>
      </trkpt>
      <trkpt lat="53.19251916067649" lon="-2.2193280173983143">
        <ele>113.1</ele>
      </trkpt>
      <trkpt lat="53.192771761142936" lon="-2.219485813429673">
        <ele>113.1</ele>
      </trkpt>
      <trkpt lat="53.19303032172859" lon="-2.21961407827811">
        <ele>112.9</ele>
      </trkpt>
      <trkpt lat="53.193288354483315" lon="-2.219745084492483">
        <ele>112.7</ele>
      </trkpt>
      <trkpt lat="53.1935490906348" lon="-2.2198607841456672">
        <ele>112.5</ele>
      </trkpt>
      <trkpt lat="53.193808113366224" lon="-2.2199865726599928">
        <ele>112.4</ele>
      </trkpt>
      <trkpt lat="53.1940587516858" lon="-2.220152645823165">
        <ele>112.5</ele>
      </trkpt>
      <trkpt lat="53.194298157644496" lon="-2.2203594977369274">
        <ele>112.4</ele>
      </trkpt>
      <trkpt lat="53.19451907207762" lon="-2.220617419069161">
        <ele>112.3</ele>
      </trkpt>
      <trkpt lat="53.19472713423073" lon="-2.2209040612704296">
        <ele>112.2</ele>
      </trkpt>
      <trkpt lat="53.19493631455381" lon="-2.221188400990624">
        <ele>112.2</ele>
      </trkpt>
      <trkpt lat="53.1951607145676" lon="-2.221436618427842">
        <ele>112.7</ele>
      </trkpt>
      <trkpt lat="53.195411887322265" lon="-2.221599967273064">
        <ele>113.4</ele>
      </trkpt>
      <trkpt lat="53.195669369669226" lon="-2.2217343413470036">
        <ele>114.0</ele>
      </trkpt>
      <trkpt lat="53.19592667620137" lon="-2.2218694745388743">
        <ele>114.5</ele>
      </trkpt>
      <trkpt lat="53.19618602297339" lon="-2.221993577164386">
        <ele>114.9</ele>
      </trkpt>
      <trkpt lat="53.19644232170641" lon="-2.222133952773405">
        <ele>115.2</ele>
      </trkpt>
      <trkpt lat="53.1966980342141" lon="-2.2222770428433245">
        <ele>115.2</ele>
      </trkpt>
      <trkpt lat="53.19695659022396" lon="-2.222405638078575">
        <ele>114.7</ele>
      </trkpt>
      <trkpt lat="53.19721363725059" lon="-2.222542434672715">
        <ele>114.4</ele>
      </trkpt>
      <trkpt lat="53.197466367843084" lon="-2.222699676651719">
        <ele>114.1</ele>
      </trkpt>
      <trkpt lat="53.19770974876139" lon="-2.222893716306204">
        <ele>113.6</ele>
      </trkpt>
      <trkpt lat="53.197951387439865" lon="-2.22309344500136">
        <ele>113.1</ele>
      </trkpt>
      <trkpt lat="53.198183034460804" lon="-2.2233243018963518">
        <ele>112.6</ele>
      </trkpt>
      <trkpt lat="53.19841780217225" lon="-2.2235461290877216">
        <ele>112.3</ele>
      </trkpt>
      <trkpt lat="53.198658333657846" lon="-2.2237499153996025">
        <ele>112.0</ele>
      </trkpt>
      <trkpt lat="53.198901343536825" lon="-2.223945542441044">
        <ele>111.5</ele>
      </trkpt>
      <trkpt lat="53.199146502430565" lon="-2.224133499586951">
        <ele>111.1</ele>
      </trkpt>
      <trkpt lat="53.19939779394819" lon="-2.224297199157738">
        <ele>110.7</ele>
      </trkpt>
      <trkpt lat="53.1996491047391" lon="-2.224460947997274">
        <ele>110.2</ele>
      </trkpt>
      <trkpt lat="53.19990512970976" lon="-2.224602891032161">
        <ele>109.6</ele>
      </trkpt>
      <trkpt lat="53.20016480347201" lon="-2.224724874682569">
        <ele>109.0</ele>
      </trkpt>
      <trkpt lat="53.20042999055739" lon="-2.2248058084566398">
        <ele>108.4</ele>
      </trkpt>
      <trkpt lat="53.200699373682106" lon="-2.2248272908051443">
        <ele>107.8</ele>
      </trkpt>
      <trkpt lat="53.20096891067057" lon="-2.224832571082016">
        <ele>107.1</ele>
      </trkpt>
      <trkpt lat="53.20123856352021" lon="-2.2248371643953835">
        <ele>106.3</ele>
      </trkpt>
      <trkpt lat="53.201508247589736" lon="-2.224838163376581">
        <ele>105.4</ele>
      </trkpt>
      <trkpt lat="53.20177793291215" lon="-2.2248477580595734">
        <ele>104.5</ele>
      </trkpt>
      <trkpt lat="53.202047582702335" lon="-2.2248614517431076">
        <ele>103.5</ele>
      </trkpt>
      <trkpt lat="53.20231687500959" lon="-2.224888805766043">
        <ele>102.4</ele>
      </trkpt>
      <trkpt lat="53.20258578213655" lon="-2.224925079750017">
        <ele>101.3</ele>
      </trkpt>
      <trkpt lat="53.2028541759147" lon="-2.2249709546056224">
        <ele>100.3</ele>
      </trkpt>
      <trkpt lat="53.203122270406205" lon="-2.2250212975943486">
        <ele>99.3</ele>
      </trkpt>
      <trkpt lat="53.20339082702436" lon="-2.225064310686262">
        <ele>98.6</ele>
      </trkpt>
      <trkpt lat="53.20365895163069" lon="-2.2251132216686216">
        <ele>98.2</ele>
      </trkpt>
      <trkpt lat="53.20392661018765" lon="-2.225169493525574">
        <ele>98.3</ele>
      </trkpt>
      <trkpt lat="53.204195154784394" lon="-2.225212330977009">
        <ele>98.6</ele>
      </trkpt>
      <trkpt lat="53.204463476587115" lon="-2.225258955077024">
        <ele>98.9</ele>
      </trkpt>
      <trkpt lat="53.20473189622857" lon="-2.2253042548411157">
        <ele>99.0</ele>
      </trkpt>
      <trkpt lat="53.205000072103964" lon="-2.225353496894511">
        <ele>98.9</ele>
      </trkpt>
      <trkpt lat="53.2052678277509" lon="-2.2254087924574106">
        <ele>98.6</ele>
      </trkpt>
      <trkpt lat="53.20553599045132" lon="-2.225458237354762">
        <ele>98.2</ele>
      </trkpt>
      <trkpt lat="53.2058046935953" lon="-2.2254987123885948">
        <ele>97.8</ele>
      </trkpt>
      <trkpt lat="53.20607377601556" lon="-2.225530837601763">
        <ele>97.3</ele>
      </trkpt>
      <trkpt lat="53.206342850338714" lon="-2.225562357470418">
        <ele>96.7</ele>
      </trkpt>
      <trkpt lat="53.206611160752004" lon="-2.2256094847223817">
        <ele>96.2</ele>
      </trkpt>
      <trkpt lat="53.20687854737902" lon="-2.2256692246351544">
        <ele>96.3</ele>
      </trkpt>
      <trkpt lat="53.207145417139046" lon="-2.225735327733187">
        <ele>97.5</ele>
      </trkpt>
      <trkpt lat="53.207413616647024" lon="-2.2257817927867753">
        <ele>99.8</ele>
      </trkpt>
      <trkpt lat="53.2076815234396" lon="-2.2258341205191385">
        <ele>102.6</ele>
      </trkpt>
      <trkpt lat="53.20794989099805" lon="-2.225880078133551">
        <ele>104.9</ele>
      </trkpt>
      <trkpt lat="53.208217991899055" lon="-2.225928403489762">
        <ele>106.6</ele>
      </trkpt>
      <trkpt lat="53.208485424123204" lon="-2.22598625409522">
        <ele>107.5</ele>
      </trkpt>
      <trkpt lat="53.2087529959318" lon="-2.2260408145526327">
        <ele>107.9</ele>
      </trkpt>
      <trkpt lat="53.20902182388226" lon="-2.2260732960214846">
        <ele>108.2</ele>
      </trkpt>
      <trkpt lat="53.20929053905813" lon="-2.2260391009666707">
        <ele>108.3</ele>
      </trkpt>
      <trkpt lat="53.209556910306006" lon="-2.22596998629681">
        <ele>108.3</ele>
      </trkpt>
      <trkpt lat="53.209819934382274" lon="-2.2258701122433564">
        <ele>108.5</ele>
      </trkpt>
      <trkpt lat="53.2100879426968" lon="-2.2258301490188876">
        <ele>108.8</ele>
      </trkpt>
      <trkpt lat="53.21035765184325" lon="-2.2258393987785086">
        <ele>109.1</ele>
      </trkpt>
      <trkpt lat="53.21062719165124" lon="-2.2258582026407363">
        <ele>108.8</ele>
      </trkpt>
      <trkpt lat="53.210895921204596" lon="-2.225897101952255">
        <ele>108.2</ele>
      </trkpt>
      <trkpt lat="53.2111610011122" lon="-2.2259735949774964">
        <ele>107.4</ele>
      </trkpt>
      <trkpt lat="53.21139248450987" lon="-2.2261979236471827">
        <ele>106.4</ele>
      </trkpt>
      <trkpt lat="53.21157196327513" lon="-2.226533590828764">
        <ele>105.5</ele>
      </trkpt>
      <trkpt lat="53.21174744636194" lon="-2.2268756392012623">
        <ele>104.8</ele>
      </trkpt>
      <trkpt lat="53.21193344692925" lon="-2.227201859911794">
        <ele>104.2</ele>
      </trkpt>
      <trkpt lat="53.21212331223365" lon="-2.2275215343433654">
        <ele>103.7</ele>
      </trkpt>
      <trkpt lat="53.21230864491061" lon="-2.227848923652254">
        <ele>103.3</ele>
      </trkpt>
      <trkpt lat="53.21249066440827" lon="-2.2281814329788903">
        <ele>102.9</ele>
      </trkpt>
      <trkpt lat="53.212689918669525" lon="-2.228484040937647">
        <ele>102.6</ele>
      </trkpt>
      <trkpt lat="53.21292103502518" lon="-2.2287143946835792">
        <ele>102.6</ele>
      </trkpt>
      <trkpt lat="53.21317259102678" lon="-2.228876773298869">
        <ele>102.7</ele>
      </trkpt>
      <trkpt lat="53.213423891936046" lon="-2.2290405420963224">
        <ele>102.9</ele>
      </trkpt>
      <trkpt lat="53.213680910861264" lon="-2.2291775386551422">
        <ele>103.1</ele>
      </trkpt>
      <trkpt lat="53.213937768448474" lon="-2.2293152344967426">
        <ele>103.6</ele>
      </trkpt>
      <trkpt lat="53.214193773818565" lon="-2.229457375520963">
        <ele>104.5</ele>
      </trkpt>
      <trkpt lat="53.214440776803265" lon="-2.229636560345917">
        <ele>105.6</ele>
      </trkpt>
      <trkpt lat="53.21467579456662" lon="-2.229857790093432">
        <ele>106.4</ele>
      </trkpt>
      <trkpt lat="53.214907943591875" lon="-2.2300871746467306">
        <ele>106.4</ele>
      </trkpt>
      <trkpt lat="53.215138024143535" lon="-2.2303223967541324">
        <ele>105.7</ele>
      </trkpt>
      <trkpt lat="53.21535988681678" lon="-2.2305778505511724">
        <ele>104.8</ele>
      </trkpt>
      <trkpt lat="53.21554459720756" lon="-2.2309052555432904">
        <ele>103.9</ele>
      </trkpt>
      <trkpt lat="53.215713605191276" lon="-2.2312560642940773">
        <ele>103.1</ele>
      </trkpt>
      <trkpt lat="53.21585995606852" lon="-2.231634503932274">
        <ele>102.6</ele>
      </trkpt>
      <trkpt lat="53.216001474665546" lon="-2.2320179048697915">
        <ele>102.4</ele>
      </trkpt>
      <trkpt lat="53.21612823857806" lon="-2.232415591985673">
        <ele>102.4</ele>
      </trkpt>
      <trkpt lat="53.216272856807876" lon="-2.2327954831322474">
        <ele>102.6</ele>
      </trkpt>
      <trkpt lat="53.21644589481072" lon="-2.233140862486617">
        <ele>102.8</ele>
      </trkpt>
      <trkpt lat="53.216633340086354" lon="-2.233464462353718">
        <ele>102.9</ele>
      </trkpt>
      <trkpt lat="53.21682076448639" lon="-2.2337882063841974">
        <ele>102.9</ele>
      </trkpt>
      <trkpt lat="53.216989146255365" lon="-2.234139932699212">
        <ele>102.8</ele>
      </trkpt>
      <trkpt lat="53.21715479480987" lon="-2.2344954049564287">
        <ele>102.7</ele>
      </trkpt>
      <trkpt lat="53.21734542068002" lon="-2.2348132185521177">
        <ele>102.4</ele>
      </trkpt>
      <trkpt lat="53.217557912874796" lon="-2.2350907113733367">
        <ele>101.7</ele>
      </trkpt>
      <trkpt lat="53.21777832711837" lon="-2.2353504733504135">
        <ele>100.6</ele>
      </trkpt>
      <trkpt lat="53.217998663820765" lon="-2.235610331410119">
        <ele>99.6</ele>
      </trkpt>
      <trkpt lat="53.21823323136218" lon="-2.235832049579048">
        <ele>99.1</ele>
      </trkpt>
      <trkpt lat="53.218484234225166" lon="-2.235995765083897">
        <ele>99.0</ele>
      </trkpt>
      <trkpt lat="53.218749303686884" lon="-2.2360745975479843">
        <ele>99.4</ele>
      </trkpt>
      <trkpt lat="53.219018854314605" lon="-2.2360917197899366">
        <ele>99.7</ele>
      </trkpt>
      <trkpt lat="53.219288196253565" lon="-2.236117305382908">
        <ele>99.6</ele>
      </trkpt>
      <trkpt lat="53.219556779243014" lon="-2.236159725964573">
        <ele>98.7</ele>
      </trkpt>
      <trkpt lat="53.219820714034256" lon="-2.236250535187355">
        <ele>97.6</ele>
      </trkpt>
      <trkpt lat="53.22007665256947" lon="-2.2363926462422725">
        <ele>96.5</ele>
      </trkpt>
      <trkpt lat="53.22033130424527" lon="-2.236541315686206">
        <ele>95.5</ele>
      </trkpt>
      <trkpt lat="53.220589738919166" lon="-2.236670327158242">
        <ele>94.5</ele>
      </trkpt>
      <trkpt lat="53.22085412106124" lon="-2.2367595089574817">
        <ele>93.3</ele>
      </trkpt>
      <trkpt lat="53.22112246850876" lon="-2.236800031439561">
        <ele>92.2</ele>
      </trkpt>
      <trkpt lat="53.22139198155732" lon="-2.2367828854442364">
        <ele>91.7</ele>
      </trkpt>
      <trkpt lat="53.22166121459528" lon="-2.236753818950157">
        <ele>92.2</ele>
      </trkpt>
      <trkpt lat="53.221929835684186" lon="-2.236712064101487">
        <ele>93.4</ele>
      </trkpt>
      <trkpt lat="53.22219761099198" lon="-2.236657631732373">
        <ele>94.6</ele>
      </trkpt>
      <trkpt lat="53.222465736185136" lon="-2.236608034902087">
        <ele>95.8</ele>
      </trkpt>
      <trkpt lat="53.2227337028748" lon="-2.2365557533626217">
        <ele>97.1</ele>
      </trkpt>
      <trkpt lat="53.22300254757472" lon="-2.2365190285702305">
        <ele>98.5</ele>
      </trkpt>
      <trkpt lat="53.22326955123003" lon="-2.236455016999966">
        <ele>99.8</ele>
      </trkpt>
      <trkpt lat="53.22353230323434" lon="-2.2363536924610106">
        <ele>100.7</ele>
      </trkpt>
      <trkpt lat="53.223793568777886" lon="-2.236241634692659">
        <ele>101.2</ele>
      </trkpt>
      <trkpt lat="53.224053548942024" lon="-2.2361221290933164">
        <ele>101.4</ele>
      </trkpt>
      <trkpt lat="53.22431647925831" lon="-2.236021499940317">
        <ele>101.6</ele>
      </trkpt>
      <trkpt lat="53.22457852516676" lon="-2.2359145416355672">
        <ele>102.2</ele>
      </trkpt>
      <trkpt lat="53.22484093914582" lon="-2.2358103524342843">
        <ele>103.4</ele>
      </trkpt>
      <trkpt lat="53.22510248462212" lon="-2.2357015049494486">
        <ele>105.1</ele>
      </trkpt>
      <trkpt lat="53.22536334631148" lon="-2.235587318654777">
        <ele>107.1</ele>
      </trkpt>
      <trkpt lat="53.225623314348304" lon="-2.2354679755114777">
        <ele>108.7</ele>
      </trkpt>
      <trkpt lat="53.22588299883596" lon="-2.235346549460122">
        <ele>109.9</ele>
      </trkpt>
      <trkpt lat="53.22614198075693" lon="-2.2352204730127943">
        <ele>110.8</ele>
      </trkpt>
      <trkpt lat="53.22640387904863" lon="-2.235114005452652">
        <ele>111.6</ele>
      </trkpt>
      <trkpt lat="53.226663859375996" lon="-2.234993673759843">
        <ele>112.5</ele>
      </trkpt>
      <trkpt lat="53.2269244622508" lon="-2.2348771602314215">
        <ele>113.2</ele>
      </trkpt>
      <trkpt lat="53.22718575593415" lon="-2.234765796746959">
        <ele>113.3</ele>
      </trkpt>
      <trkpt lat="53.22745132430233" lon="-2.2346864910360527">
        <ele>113.2</ele>
      </trkpt>
      <trkpt lat="53.22771809806643" lon="-2.234622754937419">
        <ele>113.0</ele>
      </trkpt>
      <trkpt lat="53.227987359274564" lon="-2.234598971619215">
        <ele>112.4</ele>
      </trkpt>
      <trkpt lat="53.22825688900432" lon="-2.2345873561943046">
        <ele>111.6</ele>
      </trkpt>
      <trkpt lat="53.228526246411505" lon="-2.2346034437194544">
        <ele>111.2</ele>
      </trkpt>
      <trkpt lat="53.22879459969169" lon="-2.2346496791161012">
        <ele>111.1</ele>
      </trkpt>
      <trkpt lat="53.229060802241534" lon="-2.234721993261713">
        <ele>111.3</ele>
      </trkpt>
      <trkpt lat="53.22932243833672" lon="-2.2348316457068162">
        <ele>111.6</ele>
      </trkpt>
      <trkpt lat="53.229580169870864" lon="-2.2349649026023344">
        <ele>112.2</ele>
      </trkpt>
      <trkpt lat="53.229837215332594" lon="-2.235101626417986">
        <ele>112.9</ele>
      </trkpt>
      <trkpt lat="53.23009644670092" lon="-2.2352264953011813">
        <ele>113.2</ele>
      </trkpt>
      <trkpt lat="53.2303558073763" lon="-2.235350607774934">
        <ele>112.9</ele>
      </trkpt>
      <trkpt lat="53.2306181137909" lon="-2.235454925498968">
        <ele>111.9</ele>
      </trkpt>
      <trkpt lat="53.23088434837903" lon="-2.235527513277009">
        <ele>110.4</ele>
      </trkpt>
      <trkpt lat="53.231152707151544" lon="-2.235572293969982">
        <ele>108.7</ele>
      </trkpt>
      <trkpt lat="53.23142233633681" lon="-2.23558678351104">
        <ele>106.9</ele>
      </trkpt>
      <trkpt lat="53.231692085534114" lon="-2.2355824475481527">
        <ele>105.0</ele>
      </trkpt>
      <trkpt lat="53.2319618194751" lon="-2.2355740541895033">
        <ele>102.9</ele>
      </trkpt>
      <trkpt lat="53.23223112698725" lon="-2.2355492476595806">
        <ele>101.0</ele>
      </trkpt>
      <trkpt lat="53.232498364976024" lon="-2.2354878017442372">
        <ele>99.3</ele>
      </trkpt>
      <trkpt lat="53.2327605139381" lon="-2.235381717312048">
        <ele>97.9</ele>
      </trkpt>
      <trkpt lat="53.23302241856511" lon="-2.2352735834220074">
        <ele>96.8</ele>
      </trkpt>
      <trkpt lat="53.233283486317184" lon="-2.235159862784985">
        <ele>96.2</ele>
      </trkpt>
      <trkpt lat="53.23354114320418" lon="-2.2350268213042783">
        <ele>96.0</ele>
      </trkpt>
      <trkpt lat="53.23379367313446" lon="-2.2348683441674053">
        <ele>96.1</ele>
      </trkpt>
      <trkpt lat="53.23404498198516" lon="-2.234704491694837">
        <ele>96.5</ele>
      </trkpt>
      <trkpt lat="53.23429908745261" lon="-2.2345537795854793">
        <ele>97.2</ele>
      </trkpt>
      <trkpt lat="53.23455145915693" lon="-2.234437238707901">
        <ele>98.1</ele>
      </trkpt>
      <trkpt lat="53.2346717507779" lon="-2.2348004226288296">
        <ele>98.7</ele>
      </trkpt>
      <trkpt lat="53.234633948538324" lon="-2.235244813830337">
        <ele>98.8</ele>
      </trkpt>
      <trkpt lat="53.23455371851739" lon="-2.2356751633255394">
        <ele>98.5</ele>
      </trkpt>
      <trkpt lat="53.234491078500064" lon="-2.2361131988293543">
        <ele>97.8</ele>
      </trkpt>
      <trkpt lat="53.23444867080074" lon="-2.236558230706087">
        <ele>96.8</ele>
      </trkpt>
      <trkpt lat="53.23441431123771" lon="-2.237005303637551">
        <ele>95.7</ele>
      </trkpt>
      <trkpt lat="53.234366335417185" lon="-2.2374488005740245">
        <ele>94.5</ele>
      </trkpt>
      <trkpt lat="53.234365841949426" lon="-2.237896922273821">
        <ele>93.5</ele>
      </trkpt>
      <trkpt lat="53.23447086033022" lon="-2.238308299893832">
        <ele>92.7</ele>
      </trkpt>
      <trkpt lat="53.23460103916987" lon="-2.2387031049132027">
        <ele>92.2</ele>
      </trkpt>
      <trkpt lat="53.23465625604897" lon="-2.2391339004670217">
        <ele>92.5</ele>
      </trkpt>
      <trkpt lat="53.23457166527604" lon="-2.2395607380157774">
        <ele>93.4</ele>
      </trkpt>
      <trkpt lat="53.23445443061185" lon="-2.2399664851726513">
        <ele>94.5</ele>
      </trkpt>
      <trkpt lat="53.23431634620434" lon="-2.240353629026062">
        <ele>95.1</ele>
      </trkpt>
      <trkpt lat="53.234205909749626" lon="-2.2407637099495266">
        <ele>94.9</ele>
      </trkpt>
      <trkpt lat="53.23416597907119" lon="-2.2412081203263483">
        <ele>94.2</ele>
      </trkpt>
      <trkpt lat="53.234184075101325" lon="-2.2416568417248284">
        <ele>93.5</ele>
      </trkpt>
      <trkpt lat="53.23424169244594" lon="-2.2420968683243867">
        <ele>93.1</ele>
      </trkpt>
      <trkpt lat="53.23422177980248" lon="-2.2425414338934906">
        <ele>92.8</ele>
      </trkpt>
      <trkpt lat="53.23413407144999" lon="-2.2429673495946023">
        <ele>92.6</ele>
      </trkpt>
      <trkpt lat="53.23403327560776" lon="-2.243383716337046">
        <ele>92.4</ele>
      </trkpt>
      <trkpt lat="53.23386147861877" lon="-2.2437269139267024">
        <ele>92.2</ele>
      </trkpt>
      <trkpt lat="53.23361961417929" lon="-2.243922653181926">
        <ele>92.3</ele>
      </trkpt>
      <trkpt lat="53.23336673330042" lon="-2.244079711587014">
        <ele>92.5</ele>
      </trkpt>
      <trkpt lat="53.23311612524444" lon="-2.244246522386156">
        <ele>92.8</ele>
      </trkpt>
      <trkpt lat="53.232871226928374" lon="-2.2444350476656596">
        <ele>92.8</ele>
      </trkpt>
      <trkpt lat="53.23263945153005" lon="-2.244665395729338">
        <ele>92.7</ele>
      </trkpt>
      <trkpt lat="53.232433191533154" lon="-2.2449551440645332">
        <ele>92.5</ele>
      </trkpt>
      <trkpt lat="53.232233114972686" lon="-2.245257341058648">
        <ele>92.3</ele>
      </trkpt>
      <trkpt lat="53.23204357330442" lon="-2.2455780779261905">
        <ele>91.8</ele>
      </trkpt>
      <trkpt lat="53.23187002786676" lon="-2.245923051209884">
        <ele>91.6</ele>
      </trkpt>
      <trkpt lat="53.23169397120608" lon="-2.24626448350965">
        <ele>91.9</ele>
      </trkpt>
      <trkpt lat="53.23150810819368" lon="-2.246591070596765">
        <ele>92.4</ele>
      </trkpt>
      <trkpt lat="53.23132478817392" lon="-2.246921382107106">
        <ele>92.6</ele>
      </trkpt>
      <trkpt lat="53.23113083619329" lon="-2.2472340411269776">
        <ele>92.8</ele>
      </trkpt>
      <trkpt lat="53.230936403026845" lon="-2.2475464940517234">
        <ele>93.0</ele>
      </trkpt>
      <trkpt lat="53.230746096880864" lon="-2.2478659576019693">
        <ele>93.1</ele>
      </trkpt>
      <trkpt lat="53.23055787235905" lon="-2.248188853027963">
        <ele>93.1</ele>
      </trkpt>
      <trkpt lat="53.230368455122004" lon="-2.2485095228405534">
        <ele>92.9</ele>
      </trkpt>
      <trkpt lat="53.23020344946467" lon="-2.248864887113088">
        <ele>92.5</ele>
      </trkpt>
      <trkpt lat="53.230081640228676" lon="-2.2492662491980835">
        <ele>92.0</ele>
      </trkpt>
      <trkpt lat="53.22999551687185" lon="-2.2496925737580944">
        <ele>91.6</ele>
      </trkpt>
      <trkpt lat="53.22997067758651" lon="-2.250140238950005">
        <ele>91.2</ele>
      </trkpt>
      <trkpt lat="53.22998214274494" lon="-2.2505904359785562">
        <ele>90.9</ele>
      </trkpt>
      <trkpt lat="53.22995890251674" lon="-2.25103884746314">
        <ele>90.9</ele>
      </trkpt>
      <trkpt lat="53.229892597013986" lon="-2.251474476812334">
        <ele>91.0</ele>
      </trkpt>
      <trkpt lat="53.22979137947728" lon="-2.2518920323512295">
        <ele>91.2</ele>
      </trkpt>
      <trkpt lat="53.22970598533885" lon="-2.252319468773115">
        <ele>91.1</ele>
      </trkpt>
      <trkpt lat="53.22964669942774" lon="-2.2527589666208976">
        <ele>91.2</ele>
      </trkpt>
      <trkpt lat="53.229590142703195" lon="-2.2531993626505797">
        <ele>91.6</ele>
      </trkpt>
      <trkpt lat="53.229527628623835" lon="-2.2536377490924435">
        <ele>92.0</ele>
      </trkpt>
      <trkpt lat="53.22945225854943" lon="-2.2540702032017648">
        <ele>92.2</ele>
      </trkpt>
      <trkpt lat="53.229351100132334" lon="-2.2544876162723235">
        <ele>92.0</ele>
      </trkpt>
      <trkpt lat="53.22921675091339" lon="-2.2548777571670904">
        <ele>91.8</ele>
      </trkpt>
      <trkpt lat="53.22907630809424" lon="-2.255262275440677">
        <ele>92.1</ele>
      </trkpt>
      <trkpt lat="53.228922660220576" lon="-2.2556325947985907">
        <ele>92.8</ele>
      </trkpt>
      <trkpt lat="53.22876869128135" lon="-2.256002639372725">
        <ele>93.1</ele>
      </trkpt>
      <trkpt lat="53.22862117352518" lon="-2.2563799816393386">
        <ele>93.1</ele>
      </trkpt>
      <trkpt lat="53.228491081156506" lon="-2.256774217534423">
        <ele>92.8</ele>
      </trkpt>
      <trkpt lat="53.22839261372457" lon="-2.2571934684341537">
        <ele>92.4</ele>
      </trkpt>
      <trkpt lat="53.228313337692825" lon="-2.257624159814989">
        <ele>91.9</ele>
      </trkpt>
      <trkpt lat="53.228217229191955" lon="-2.2580452084845297">
        <ele>91.5</ele>
      </trkpt>
      <trkpt lat="53.22809966874437" lon="-2.2584504075868277">
        <ele>91.1</ele>
      </trkpt>
      <trkpt lat="53.22795773575317" lon="-2.258833617118649">
        <ele>90.6</ele>
      </trkpt>
      <trkpt lat="53.227810102608366" lon="-2.2592107456529598">
        <ele>89.8</ele>
      </trkpt>
      <trkpt lat="53.22765729083456" lon="-2.25958206431748">
        <ele>89.0</ele>
      </trkpt>
      <trkpt lat="53.22750451823463" lon="-2.2599533971577492">
        <ele>88.2</ele>
      </trkpt>
      <trkpt lat="53.22736615220799" lon="-2.26034014055134">
        <ele>87.6</ele>
      </trkpt>
      <trkpt lat="53.22723115227739" lon="-2.2607303288451703">
        <ele>87.1</ele>
      </trkpt>
      <trkpt lat="53.227106444727355" lon="-2.2611299255381505">
        <ele>86.8</ele>
      </trkpt>
      <trkpt lat="53.2269879037688" lon="-2.261534713053038">
        <ele>86.6</ele>
      </trkpt>
      <trkpt lat="53.22686368113713" lon="-2.2619347595889083">
        <ele>86.5</ele>
      </trkpt>
      <trkpt lat="53.22674439856103" lon="-2.262338987363334">
        <ele>86.2</ele>
      </trkpt>
      <trkpt lat="53.2266210753294" lon="-2.262739822441974">
        <ele>85.8</ele>
      </trkpt>
      <trkpt lat="53.22650342058131" lon="-2.26314524683837">
        <ele>85.4</ele>
      </trkpt>
      <trkpt lat="53.22639380540578" lon="-2.2635569899235066">
        <ele>85.2</ele>
      </trkpt>
      <trkpt lat="53.22630152431791" lon="-2.2639801624654736">
        <ele>85.1</ele>
      </trkpt>
      <trkpt lat="53.22623615163576" lon="-2.2644172855277196">
        <ele>84.8</ele>
      </trkpt>
      <trkpt lat="53.2261544835849" lon="-2.2648467085471067">
        <ele>84.4</ele>
      </trkpt>
      <trkpt lat="53.22604513306563" lon="-2.2652578169798137">
        <ele>83.7</ele>
      </trkpt>
      <trkpt lat="53.22589099278018" lon="-2.2656265637776754">
        <ele>83.1</ele>
      </trkpt>
      <trkpt lat="53.22568810956362" lon="-2.2659218374720025">
        <ele>82.7</ele>
      </trkpt>
      <trkpt lat="53.225448938447975" lon="-2.266128404199613">
        <ele>82.7</ele>
      </trkpt>
      <trkpt lat="53.2251936275802" lon="-2.266273985488028">
        <ele>82.9</ele>
      </trkpt>
      <trkpt lat="53.224959224420076" lon="-2.2664798175415024">
        <ele>83.3</ele>
      </trkpt>
      <trkpt lat="53.22487324587914" lon="-2.266894614313536">
        <ele>83.7</ele>
      </trkpt>
      <trkpt lat="53.22487833181087" lon="-2.2673448017006357">
        <ele>83.9</ele>
      </trkpt>
      <trkpt lat="53.22489004804204" lon="-2.2677949193916147">
        <ele>83.7</ele>
      </trkpt>
      <trkpt lat="53.22491451028356" lon="-2.2682420506125234">
        <ele>83.5</ele>
      </trkpt>
      <trkpt lat="53.22499116986308" lon="-2.2686740272422896">
        <ele>83.5</ele>
      </trkpt>
      <trkpt lat="53.22507199338139" lon="-2.269103691175445">
        <ele>83.8</ele>
      </trkpt>
      <trkpt lat="53.22511354538871" lon="-2.2695469349478703">
        <ele>84.0</ele>
      </trkpt>
      <trkpt lat="53.22510394154065" lon="-2.269996394607687">
        <ele>84.0</ele>
      </trkpt>
      <trkpt lat="53.225069041155756" lon="-2.2704432547488906">
        <ele>83.8</ele>
      </trkpt>
      <trkpt lat="53.22502444811269" lon="-2.270887659862721">
        <ele>83.3</ele>
      </trkpt>
      <trkpt lat="53.22497452321318" lon="-2.2713303973506815">
        <ele>82.9</ele>
      </trkpt>
      <trkpt lat="53.22492936711497" lon="-2.271774661170801">
        <ele>82.7</ele>
      </trkpt>
      <trkpt lat="53.224885112448796" lon="-2.272219172542312">
        <ele>82.6</ele>
      </trkpt>
      <trkpt lat="53.224854569895626" lon="-2.272666894372502">
        <ele>82.6</ele>
      </trkpt>
      <trkpt lat="53.224803337771135" lon="-2.2731090713180278">
        <ele>82.4</ele>
      </trkpt>
      <trkpt lat="53.224737317190154" lon="-2.2735460184467233">
        <ele>82.1</ele>
      </trkpt>
      <trkpt lat="53.22466190273576" lon="-2.2739784248340524">
        <ele>81.8</ele>
      </trkpt>
      <trkpt lat="53.224570761548414" lon="-2.274402573017733">
        <ele>81.4</ele>
      </trkpt>
      <trkpt lat="53.22448469060391" lon="-2.274829660918879">
        <ele>80.9</ele>
      </trkpt>
      <trkpt lat="53.22440624740024" lon="-2.275260789183748">
        <ele>80.4</ele>
      </trkpt>
      <trkpt lat="53.22433500111065" lon="-2.275695382566556">
        <ele>80.0</ele>
      </trkpt>
      <trkpt lat="53.224267046889594" lon="-2.2761315022510074">
        <ele>79.6</ele>
      </trkpt>
      <trkpt lat="53.224204163489475" lon="-2.2765697317894116">
        <ele>79.3</ele>
      </trkpt>
      <trkpt lat="53.22415543978876" lon="-2.277012771799731">
        <ele>79.1</ele>
      </trkpt>
      <trkpt lat="53.22411468712959" lon="-2.2774581965922636">
        <ele>79.2</ele>
      </trkpt>
      <trkpt lat="53.224074314715956" lon="-2.2779035708766555">
        <ele>79.2</ele>
      </trkpt>
      <trkpt lat="53.22409024396386" lon="-2.27835237699851">
        <ele>79.0</ele>
      </trkpt>
      <trkpt lat="53.22412690976407" lon="-2.2787988275197817">
        <ele>78.9</ele>
      </trkpt>
      <trkpt lat="53.224176644785906" lon="-2.2792416701664067">
        <ele>78.8</ele>
      </trkpt>
      <trkpt lat="53.22421958015656" lon="-2.2796865556325097">
        <ele>78.6</ele>
      </trkpt>
      <trkpt lat="53.22426988785795" lon="-2.280129052234973">
        <ele>78.3</ele>
      </trkpt>
      <trkpt lat="53.22431976021224" lon="-2.2805718969327753">
        <ele>78.2</ele>
      </trkpt>
      <trkpt lat="53.22436640516523" lon="-2.2810157245548637">
        <ele>78.3</ele>
      </trkpt>
      <trkpt lat="53.224423268947845" lon="-2.2814562084734358">
        <ele>78.7</ele>
      </trkpt>
      <trkpt lat="53.224500792787175" lon="-2.2818858572789154">
        <ele>78.8</ele>
      </trkpt>
      <trkpt lat="53.22464865779793" lon="-2.282262138672777">
        <ele>78.7</ele>
      </trkpt>
      <trkpt lat="53.2248146954987" lon="-2.2826173337828592">
        <ele>78.7</ele>
      </trkpt>
      <trkpt lat="53.22498071842025" lon="-2.282972528707145">
        <ele>78.8</ele>
      </trkpt>
      <trkpt lat="53.22515536642245" lon="-2.2833157979753436">
        <ele>78.9</ele>
      </trkpt>
      <trkpt lat="53.22533679584669" lon="-2.283649205314946">
        <ele>78.8</ele>
      </trkpt>
      <trkpt lat="53.22551157558716" lon="-2.283992498762306">
        <ele>78.8</ele>
      </trkpt>
      <trkpt lat="53.22568530290589" lon="-2.284337261069654">
        <ele>78.7</ele>
      </trkpt>
      <trkpt lat="53.22585979205336" lon="-2.2846809712390947">
        <ele>78.6</ele>
      </trkpt>
      <trkpt lat="53.226040472848474" lon="-2.285015580120716">
        <ele>78.6</ele>
      </trkpt>
      <trkpt lat="53.22621947284402" lon="-2.2853527284671245">
        <ele>78.6</ele>
      </trkpt>
      <trkpt lat="53.2263944239448" lon="-2.285695774061804">
        <ele>78.4</ele>
      </trkpt>
      <trkpt lat="53.22657068860076" lon="-2.2860363554268073">
        <ele>78.1</ele>
      </trkpt>
      <trkpt lat="53.226730488607224" lon="-2.286399445462087">
        <ele>77.9</ele>
      </trkpt>
      <trkpt lat="53.22688473351121" lon="-2.2867690778404004">
        <ele>77.9</ele>
      </trkpt>
      <trkpt lat="53.22701605782436" lon="-2.2871621889886673">
        <ele>78.1</ele>
      </trkpt>
      <trkpt lat="53.22714471788196" lon="-2.2875583162658737">
        <ele>78.2</ele>
      </trkpt>
      <trkpt lat="53.227274916718606" lon="-2.2879529493714075">
        <ele>78.2</ele>
      </trkpt>
      <trkpt lat="53.22740387595684" lon="-2.288348784858035">
        <ele>78.0</ele>
      </trkpt>
      <trkpt lat="53.22753501694992" lon="-2.288742619203773">
        <ele>77.8</ele>
      </trkpt>
      <trkpt lat="53.22766331452246" lon="-2.2891390402741796">
        <ele>77.6</ele>
      </trkpt>
      <trkpt lat="53.227785987538425" lon="-2.28954026053585">
        <ele>77.4</ele>
      </trkpt>
      <trkpt lat="53.2278966706692" lon="-2.2899512595258065">
        <ele>77.0</ele>
      </trkpt>
      <trkpt lat="53.228001962202775" lon="-2.2903660956457434">
        <ele>76.2</ele>
      </trkpt>
      <trkpt lat="53.22812909050162" lon="-2.2907633272646377">
        <ele>75.7</ele>
      </trkpt>
      <trkpt lat="53.22827997635579" lon="-2.2911365184761308">
        <ele>75.7</ele>
      </trkpt>
      <trkpt lat="53.22840893543384" lon="-2.2915322258625386">
        <ele>75.9</ele>
      </trkpt>
      <trkpt lat="53.22852567632378" lon="-2.291938535161204">
        <ele>76.0</ele>
      </trkpt>
      <trkpt lat="53.2286336946478" lon="-2.2923513950646157">
        <ele>75.9</ele>
      </trkpt>
      <trkpt lat="53.228745517439954" lon="-2.2927615253626046">
        <ele>75.8</ele>
      </trkpt>
      <trkpt lat="53.22885670581469" lon="-2.293172071495483">
        <ele>75.7</ele>
      </trkpt>
      <trkpt lat="53.228964576200404" lon="-2.2935851675859418">
        <ele>75.6</ele>
      </trkpt>
      <trkpt lat="53.229063551230404" lon="-2.294004342382523">
        <ele>75.3</ele>
      </trkpt>
      <trkpt lat="53.229168829957864" lon="-2.2944193133349127">
        <ele>75.1</ele>
      </trkpt>
      <trkpt lat="53.2292729295365" lon="-2.2948350534685855">
        <ele>75.1</ele>
      </trkpt>
      <trkpt lat="53.229382161096844" lon="-2.295247126249714">
        <ele>75.1</ele>
      </trkpt>
      <trkpt lat="53.22948671069476" lon="-2.2956624810639994">
        <ele>74.9</ele>
      </trkpt>
      <trkpt lat="53.22959377514431" lon="-2.2960761720595793">
        <ele>74.5</ele>
      </trkpt>
      <trkpt lat="53.229700239907416" lon="-2.2964902719971865">
        <ele>74.1</ele>
      </trkpt>
      <trkpt lat="53.22981179908502" lon="-2.2969006335457895">
        <ele>73.9</ele>
      </trkpt>
      <trkpt lat="53.22992126856708" lon="-2.297312405037209">
        <ele>73.9</ele>
      </trkpt>
      <trkpt lat="53.23002751912725" lon="-2.2977266667918306">
        <ele>74.4</ele>
      </trkpt>
      <trkpt lat="53.230096930637956" lon="-2.298003863543272">
        <ele>74.7</ele>
      </trkpt>
    </trkseg>
  </trk>
</gpx>